0 , 255.9 , -385.59
1 , 303.1 , -498.71
2 , 233.13 , -316.2
3 , 281.3 , -459.41
4 , 348.64 , -691.98
5 , 211.31 , -258.58
6 , 353.35 , -734.48
7 , 299.1 , -530.63
8 , 280.47 , -354.19
9 , 148.14 , -76.587
10 , 113.86 , -38.473
11 , 322.8 , -590.85
12 , 167.55 , 71.71
13 , 162.53 , -161.36
14 , 362.5 , -710.01
15 , 251.9 , -289.81
16 , 246.55 , -353.53
17 , 229.82 , -277.94
18 , 220.75 , -242.04
19 , 233.13 , -328.19
20 , 162.93 , 45.033
21 , 313.62 , -446.32
22 , 45.733999999999995 , 46.43600000000001
23 , 320.51 , -497.02
24 , 172.76 , -52.931000000000004
25 , 319.85 , -592.8
26 , 164.27 , 25.326999999999998
27 , 312.21 , -595.22
28 , 210.12 , -234.82
29 , 267.19 , -319.15
30 , 77.377 , -2.3598
31 , 143.6 , -52.993
32 , 203.09 , -104.24
33 , 303.99 , -563.07
34 , 297.81 , -456.91
35 , 341.19 , -661.04
36 , 277.18 , -1480.8
37 , 200.04 , -200.81
38 , 96.554 , -24.878
39 , 146.18 , -116.19
40 , 208.96 , -241.93
41 , 303.16 , -545.55
42 , 291.56 , -473.36
43 , 186.76 , -186.39
44 , 173.21 , -171.71
45 , 355.27 , -597.37
46 , 304.06 , -417.66
47 , 166.44 , -155.21
48 , 366.19 , -841.48
49 , 10.787 , 57.894
50 , 125.83 , -50.358000000000004
51 , 203.6 , -177.51
52 , 285.08 , -437.89
53 , 242.67 , -249.2
54 , 317.07 , -473.2
55 , 218.37 , -238.68
56 , 346.14 , -692.79
57 , 315.26 , -590.41
58 , 315.21 , -458.62
59 , 366.51 , -615.19
60 , -1039.1 , 63.13399999999999
61 , 326.5 , -517.58
62 , 104.38 , 16.346
63 , 226.64 , -201.01
64 , 308.1 , -451.47
65 , 327.37 , -512.66
66 , 325.29 , -562.13
67 , 137.49 , 36.068000000000005
68 , 274.49 , -362.2
69 , 293.02 , -463.66
70 , 224.49 , -286.39
71 , -1020.8 , 61.7
72 , 387.24 , -759.9
73 , 298.82 , -1398.4
74 , 323.22 , -476.44
75 , 351.65 , -632.8
76 , 329.79 , -548.58
77 , 147.54 , -32.771
78 , -1033.0 , 78.097
79 , 361.87 , -613.5
80 , 371.18 , -711.23
81 , 310.65 , -454.12
82 , 381.62 , -692.18
83 , -869.55 , 129.65
84 , -948.59 , 88.096
85 , -999.37 , 73.112
86 , -1079.4 , 7.5391
87 , -1052.3 , 41.758
88 , 390.61 , -765.33
89 , 288.94 , -1390.9
90 , 393.57 , -819.39
91 , 298.71 , -427.16
92 , 197.71 , -224.08
93 , 368.56 , -637.44
94 , 362.27 , -850.58
95 , 150.89 , 27.513
96 , 215.35 , -230.02
97 , 333.39 , -519.96
98 , -1046.4 , 25.342
99 , -1070.8 , -138.31
100 , 128.72 , 22.395
101 , 363.7 , -936.67
102 , 200.23 , -180.98
103 , 290.46 , -516.62
104 , 302.64 , -1402.0
105 , -704.73 , 147.83
106 , 346.26 , -556.79
107 , 234.58 , 54.878
108 , 143.7 , -14.758
109 , -488.98 , 391.39
110 , 295.87 , -478.78
111 , 252.91 , -277.51
112 , 188.74 , -114.24
113 , -1030.3 , 51.176
114 , 396.79 , -824.19
115 , 388.8 , -853.82
116 , 210.61 , 45.381
117 , 143.82 , -3.5268
118 , 382.51 , -904.14
119 , -1034.0 , 92.36
120 , 262.56 , -307.19
121 , 336.51 , -499.15
122 , -1064.2 , -113.25
123 , -987.75 , 85.962
124 , 330.48 , -663.79
125 , 229.74 , -317.35
126 , -952.21 , 97.241
127 , 197.06 , 38.905
128 , 153.82 , 49.246
129 , -1066.9 , 27.871
130 , 156.04 , -154.0
131 , 181.8 , -140.99
132 , 268.0 , -1434.4
133 , 311.23 , -557.29
134 , 9.7156 , 55.152
135 , -882.02 , 123.39
136 , 321.64 , -506.35
137 , 320.63 , -1278.4
138 , -1045.5 , -55.138000000000005
139 , -1026.5 , 90.6
140 , -970.52 , 84.12700000000001
141 , 36.384 , 4.0459
142 , 313.92 , -569.06
143 , -1072.9 , 48.555
144 , -1064.5 , 11.38
145 , -898.28 , 111.56
146 , 374.35 , -978.0
147 , -820.58 , 142.41
148 , -1047.2 , 63.038000000000004
149 , -1049.8 , -50.773999999999994
150 , -1012.5 , 90.569
151 , 121.77 , -27.816
152 , -1027.5 , 78.134
153 , 108.29 , -65.699
154 , 308.18 , -484.14
155 , 300.43 , -1391.4
156 , -918.95 , 118.36
157 , -921.39 , 134.11
158 , 387.58 , -926.45
159 , -1055.5 , 62.863
160 , -927.68 , 118.83
161 , -956.46 , 116.84
162 , 201.65 , -182.92
163 , -918.26 , 90.171
164 , -962.05 , 109.69
165 , -964.42 , 117.65
166 , 353.39 , -621.33
167 , 320.31 , -1282.6
168 , -1072.4 , -13.243
169 , 227.66 , -229.82
170 , 156.86 , -74.475
171 , 337.07 , -630.76
172 , 255.47 , -283.06
173 , 147.68 , 23.085
174 , 361.66 , 132.6
175 , -934.61 , 125.3
176 , 393.15 , -827.69
177 , -225.61 , 159.75
178 , -940.75 , 128.45
179 , -815.41 , 134.65
180 , 285.12 , -385.97
181 , 326.78 , -509.94
182 , 240.05 , 81.03
183 , -34.764 , 59.802
184 , -1056.7 , 35.478
185 , -979.59 , 108.77
186 , -1002.1 , 76.748
187 , 302.77 , -1369.5
188 , -1049.9 , -36.016999999999996
189 , -1009.0 , 70.398
190 , 367.49 , -1042.0
191 , -1045.8 , 53.667
192 , 128.84 , -3.4345
193 , -1067.7 , 30.357
194 , 288.23 , -398.21
195 , 103.35 , 45.753
196 , -1050.4 , -41.265
197 , 300.64 , -1366.7
198 , -938.91 , 125.56
199 , 301.82 , -1439.4
200 , -1040.4 , 45.244
201 , -1071.6 , -18.832
202 , 242.79 , 81.994
203 , -951.38 , 89.61200000000001
204 , -946.79 , 129.29
205 , -955.62 , 120.13
206 , -919.98 , 135.41
207 , -825.85 , 140.17
208 , 262.26 , -1493.0
209 , -1053.2 , 25.11
210 , -1047.2 , 40.853
211 , 215.03 , -235.37
212 , -1010.3 , 57.577
213 , -1078.5 , 60.809
214 , 195.3 , -197.81
215 , -970.36 , 129.9
216 , 375.06 , -970.87
217 , 3.2678 , 23.903000000000002
218 , -1058.9 , 34.928000000000004
219 , -923.7 , 130.4
220 , -943.23 , 114.04
221 , 309.15 , 100.55
222 , 347.87 , -706.03
223 , 249.82 , -321.04
224 , -882.55 , 118.73
225 , -1023.8 , 46.552
226 , -983.92 , 106.95
227 , 360.48 , -629.81
228 , -885.72 , 136.67
229 , 184.71 , -155.35
230 , 101.31 , -34.637
231 , -965.99 , 68.16199999999999
232 , 288.5 , -1471.3
233 , -1046.0 , 77.329
234 , 80.67699999999999 , 19.564
235 , -963.9 , 131.68
236 , 290.19 , -1451.6
237 , 223.57 , -206.5
238 , -160.42 , 161.92
239 , -953.19 , 112.97
240 , 285.36 , -1484.2
241 , -1075.0 , 57.915
242 , -806.64 , 131.98
243 , 343.4 , -602.54
244 , -1083.0 , -207.36
245 , -954.3 , 102.0
246 , 271.05 , 84.67200000000001
247 , -1034.2 , 72.688
248 , 365.43 , -1065.5
249 , -941.11 , 95.852
250 , -999.95 , 60.178999999999995
251 , 333.23 , 93.698
252 , -802.89 , 137.21
253 , -1074.8 , 35.123000000000005
254 , -1041.2 , -55.998000000000005
255 , -873.94 , 120.46
256 , -836.71 , 128.24
257 , -16.43 , 74.959
258 , 343.26 , -594.42
259 , 374.08 , 135.28
260 , -1046.1 , 57.247
261 , 215.19 , 96.704
262 , 276.65 , -1471.8
263 , -894.96 , -1516.9
264 , 382.24 , -695.08
265 , -985.44 , 73.435
266 , 382.14 , -926.46
267 , 354.19 , -616.79
268 , -1067.2 , 39.969
269 , 383.88 , -745.68
270 , -1023.6 , 12.39
271 , 386.84 , -739.8
272 , -938.92 , -1469.6
273 , -1080.0 , 29.693
274 , 283.0 , -1468.6
275 , 80.533 , 28.026999999999997
276 , -1124.8 , -952.2
277 , -1023.0 , 56.021
278 , 272.2 , -1436.4
279 , -941.0 , 101.03
280 , 51.207 , 29.910999999999998
281 , 390.07 , -844.1
282 , -1037.6 , 77.827
283 , -873.26 , 104.92
284 , -1035.1 , 44.581
285 , 188.16 , -180.05
286 , 156.91 , 18.154
287 , -834.24 , 130.46
288 , -716.76 , 157.9
289 , 107.43 , -68.844
290 , 300.26 , -1438.5
291 , 293.63 , -1469.1
292 , -1023.4 , 92.743
293 , -959.93 , 86.071
294 , -793.41 , 147.71
295 , -965.47 , 86.40899999999999
296 , 133.84 , -150.45
297 , -885.72 , 104.07
298 , -860.56 , 138.49
299 , -833.66 , 134.42
300 , -995.81 , 100.04
301 , -1063.1 , -21.07
302 , -979.37 , 100.39
303 , 304.21 , -1381.5
304 , 186.38 , -173.38
305 , -765.21 , 150.1
306 , -595.36 , 173.54
307 , -1044.1 , 14.092
308 , -914.34 , 110.33
309 , 166.02 , 56.331
310 , 234.18 , -1510.7
311 , 289.13 , -1456.5
312 , -266.86 , 170.43
313 , -1037.7 , 95.22
314 , 177.97 , -169.3
315 , 246.73 , -363.88
316 , -1005.7 , 102.63
317 , 248.55 , -237.58
318 , -1090.0 , -1224.6
319 , -943.58 , 93.935
320 , 290.6 , -387.78
321 , -880.68 , 125.49
322 , 347.07 , -600.45
323 , 276.62 , 127.19
324 , 334.64 , -528.11
325 , -1029.8 , 84.35799999999999
326 , -972.02 , 121.04
327 , -985.3 , 82.131
328 , -1027.9 , 35.145
329 , -786.05 , 148.14
330 , -930.7 , -1480.7
331 , -956.85 , 102.68
332 , -225.2 , 161.74
333 , -1064.1 , 14.110999999999999
334 , 227.25 , -1519.3
335 , -939.59 , 113.73
336 , 268.19 , -1479.0
337 , -915.35 , 118.49
338 , -98.01100000000001 , 456.4
339 , -1064.7 , 40.094
340 , 345.39 , -523.93
341 , -225.06 , 157.02
342 , -100.11 , 138.57
343 , -1036.5 , 9.1054
344 , -1075.3 , -142.01
345 , -1043.2 , 70.976
346 , -827.44 , 134.36
347 , -1064.2 , -78.572
348 , 212.25 , -210.08
349 , -958.53 , 91.75200000000001
350 , -962.54 , 128.36
351 , 49.886 , 35.694
352 , -1086.4 , -233.16
353 , -28.344 , 82.81700000000001
354 , -995.27 , 54.86600000000001
355 , -113.98 , 187.96
356 , -798.1 , 142.04
357 , -970.71 , 97.095
358 , -898.65 , -1521.1
359 , -1040.3 , 105.38
360 , -3.4938 , 98.57600000000001
361 , -1069.8 , 8.5528
362 , -916.69 , -1498.9
363 , -922.46 , 108.54
364 , -1041.3 , 30.789
365 , -806.93 , 139.39
366 , 237.71 , -1514.0
367 , -905.84 , 109.84
368 , -737.91 , 147.44
369 , -744.08 , 150.78
370 , -1053.1 , 16.435
371 , -846.94 , 124.16
372 , -1004.3 , 77.207
373 , -855.84 , 135.17
374 , -189.72 , 173.1
375 , -920.42 , 126.97
376 , -740.33 , 147.11
377 , 68.02 , -56.275
378 , -1037.6 , 20.305999999999997
379 , 234.3 , -1517.6
380 , 360.04 , -608.95
381 , -1063.4 , 55.553999999999995
382 , -1018.0 , 98.85799999999999
383 , -888.04 , 109.56
384 , -814.1 , 130.6
385 , -873.94 , 109.44
386 , 331.52 , -632.07
387 , 292.38 , -1464.3
388 , 31.046 , 242.14
389 , -501.1 , 184.87
390 , -781.65 , 149.01
391 , 321.48 , -554.12
392 , -908.12 , 139.64
393 , 357.7 , -611.85
394 , -800.0 , 133.69
395 , -1051.1 , -71.975
396 , -480.16 , 375.17
397 , -922.84 , -1491.8
398 , -90.56700000000001 , 485.95
399 , -749.64 , 150.48
400 , -797.66 , 130.43
401 , -876.57 , 135.55
402 , -1052.6 , -57.706
403 , -156.65 , 125.02
404 , 12.145999999999999 , 111.75
405 , -1098.2 , -525.55
406 , -1034.3 , 32.044000000000004
407 , -1095.8 , -417.14
408 , -272.57 , 187.81
409 , -504.21 , 177.97
410 , 265.21 , 72.27
411 , -1097.6 , -753.82
412 , -967.19 , 111.14
413 , -959.82 , 136.29
414 , 241.5 , -1505.3
415 , 135.11 , 104.98
416 , -654.89 , 165.35
417 , -1117.9 , -904.35
418 , -923.02 , 106.34
419 , -1048.8 , 95.941
420 , -1088.2 , -1197.5
421 , -1068.8 , -115.58
422 , -1007.3 , 71.873
423 , -633.23 , 164.51
424 , 246.76 , -1485.4
425 , -274.24 , 194.09
426 , -227.34 , 147.7
427 , 326.43 , -506.14
428 , -847.67 , 129.94
429 , -288.29 , 261.45
430 , -339.85 , 161.01
431 , -1076.9 , 50.903999999999996
432 , 279.49 , -1414.9
433 , -899.99 , -1520.0
434 , -971.2 , 91.559
435 , -52.32899999999999 , 108.06
436 , -996.95 , 85.391
437 , 17.048 , 76.226
438 , -63.34 , 85.258
439 , -875.18 , 140.26
440 , 292.38 , -1470.9
441 , -1068.4 , 44.034
442 , -725.62 , 153.46
443 , -1093.0 , -1186.7
444 , -1089.5 , -1253.8
445 , -285.31 , 168.04
446 , -1003.2 , 71.407
447 , -494.27 , 376.82
448 , 213.7 , -1532.0
449 , -1099.6 , -538.42
450 , -944.85 , 139.45
451 , 317.85 , -476.79
452 , -789.96 , 144.78
453 , -215.24 , 170.25
454 , -95.73299999999999 , 419.74
455 , -77.26 , 121.55
456 , -94.441 , 449.48
457 , -1095.4 , -373.62
458 , -792.41 , 139.43
459 , 246.04 , -1499.7
460 , -198.69 , 194.13
461 , -185.8 , 167.52
462 , -1119.2 , -1028.8
463 , -861.69 , 119.16
464 , -130.14 , 128.05
465 , -1038.7 , 9.3596
466 , -186.77 , 179.23
467 , -69.944 , -10.368
468 , 204.54 , 92.18799999999999
469 , -893.96 , -1516.0
470 , -83.21799999999999 , 126.64
471 , -1121.7 , -935.62
472 , -1086.7 , 58.638000000000005
473 , -1080.0 , -212.38
474 , -801.56 , 139.88
475 , -337.48 , 159.85
476 , 324.63 , 117.51
477 , -318.82 , 317.92
478 , -251.71 , 196.87
479 , 222.02 , -1531.6
480 , -138.01 , 132.32
481 , 87.61200000000001 , -88.611
482 , -1034.0 , 38.848
483 , -471.52 , 210.47
484 , -68.24 , 99.96
485 , 257.05 , -323.33
486 , -1052.8 , 88.537
487 , -628.71 , 173.46
488 , -661.89 , 171.16
489 , -1048.8 , -58.797
490 , -1053.4 , 51.905
491 , -154.7 , 186.18
492 , -278.87 , 275.81
493 , -192.3 , 167.12
494 , -294.43 , 202.28
495 , -217.87 , 172.79
496 , -855.32 , 124.71
497 , 304.61 , -1370.6
498 , -977.06 , 73.684
499 , -937.2 , 115.52
500 , -136.78 , 147.99
501 , -262.27 , 197.55
502 , -836.1 , 132.32
503 , -88.64299999999999 , 487.12
504 , -215.59 , 156.12
505 , -225.27 , 198.52
506 , -987.31 , 91.676
507 , -666.07 , 169.16
508 , -90.149 , 503.93
509 , -1120.4 , -923.67
510 , -236.59 , 214.06
511 , -299.71 , 172.94
512 , -988.03 , 121.13
513 , -176.33 , 191.7
514 , -902.69 , 130.94
515 , -1044.3 , 42.665
516 , -998.74 , 97.935
517 , -208.11 , 211.53
518 , -725.3 , 150.36
519 , -399.13 , 197.01
520 , -201.06 , 157.91
521 , -1047.2 , 70.05199999999999
522 , -228.38 , 186.62
523 , -350.18 , 211.85
524 , -197.8 , 205.41
525 , -151.41 , 121.25
526 , -612.11 , 176.39
527 , -1099.6 , -712.52
528 , -195.39 , 202.87
529 , -346.41 , 280.99
530 , -488.17 , 196.86
531 , -335.87 , 235.87
532 , -872.75 , 112.73
533 , -1100.3 , -1137.0
534 , -514.31 , 172.24
535 , -171.68 , 155.87
536 , 38.317 , 270.98
537 , 287.62 , 141.39
538 , -246.29 , 164.43
539 , -172.67 , 193.28
540 , 108.99 , -109.29
541 , -251.78 , 169.9
542 , -811.29 , 134.44
543 , -173.35 , 185.71
544 , -25.212 , 67.67
545 , -146.7 , 190.89
546 , 137.17 , 19.992
547 , -1001.8 , 81.608
548 , -98.596 , 491.01
549 , -163.88 , 180.77
550 , 227.41 , -260.92
551 , -1090.0 , -1235.8
552 , -98.473 , 461.71
553 , -202.2 , 164.76
554 , -1099.0 , -457.6
555 , -1060.8 , -68.265
556 , -87.478 , 476.36
557 , -99.618 , 124.21
558 , -358.6 , 166.9
559 , -334.37 , 256.89
560 , 39.906 , 266.48
561 , -906.78 , -1512.6
562 , 304.94 , 153.15
563 , 42.328 , 267.68
564 , 208.74 , -1540.1
565 , -999.71 , 55.661
566 , -184.86 , 159.88
567 , -139.77 , 319.38
568 , -1059.9 , -41.6
569 , -192.41 , 170.73
570 , -935.59 , 127.18
571 , -155.71 , 159.74
572 , -637.21 , 172.49
573 , 43.63 , 266.45
574 , -576.07 , 182.98
575 , -213.13 , 195.16
576 , 200.61 , -1536.8
577 , -103.73 , 502.8
578 , 39.076 , 263.29
579 , -168.6 , 184.32
580 , -926.35 , -1485.6
581 , 209.54 , -1542.5
582 , -555.54 , 198.4
583 , -227.8 , 218.21
584 , -240.13 , 195.38
585 , -179.93 , 183.37
586 , -92.848 , 502.32
587 , -243.43 , 161.14
588 , -206.84 , 191.03
589 , -103.37 , 499.53
590 , -913.87 , -1504.3
591 , -251.65 , 198.82
592 , -168.18 , 179.95
593 , -1097.5 , -1157.2
594 , -297.69 , 183.65
595 , -170.77 , 181.29
596 , -523.47 , 200.6
597 , -1098.4 , -519.81
598 , -188.45 , 210.29
599 , -128.07 , 194.11
600 , -101.65 , 490.44
601 , -188.66 , 207.77
602 , -203.1 , 159.59
603 , 237.88 , -1503.5
604 , -540.91 , 175.51
605 , -183.35 , 184.5
606 , -178.42 , 197.76
607 , -173.01 , 188.39
608 , -320.53 , 181.12
609 , 378.3 , -708.59
610 , -187.57 , 181.33
611 , -191.5 , 186.07
612 , -199.74 , 170.22
613 , -996.54 , 103.38
614 , -192.2 , 214.3
615 , -281.61 , 189.3
616 , -183.07 , 205.98
617 , -154.18 , 214.85
618 , -190.38 , 201.33
619 , -992.2 , 97.704
620 , 328.45 , -556.28
621 , -1015.4 , 78.138
622 , -199.95 , 216.25
623 , -483.03 , 377.32
624 , -185.18 , 207.05
625 , -73.491 , 196.38
626 , 309.87 , -463.24
627 , -180.56 , 177.7
628 , -144.02 , 214.89
629 , 316.31 , -595.24
630 , -201.22 , 221.48
631 , -430.29 , 206.06
632 , -238.41 , 188.09
633 , -191.76 , 209.76
634 , 179.87 , -220.43
635 , -313.56 , 378.78
636 , -174.68 , 179.0
637 , -900.59 , 120.29
638 , -773.03 , 146.05
639 , -476.62 , 341.69
640 , 282.2 , -1503.8
641 , -453.86 , 243.75
642 , -807.85 , 134.19
643 , -531.3 , 194.37
644 , -224.32 , 190.38
645 , -339.78 , 177.59
646 , -194.84 , 179.37
647 , -130.69 , 182.47
648 , 110.39 , -7.8354
649 , -304.1 , 177.92
650 , -392.14 , 229.56
651 , -1104.9 , -1104.6
652 , -181.48 , 203.53
653 , -142.76 , 153.23
654 , 231.57 , 133.13
655 , -471.83 , 359.64
656 , -196.42 , 172.64
657 , -170.41 , 171.55
658 , -174.12 , 196.74
659 , -450.74 , 252.15
660 , -215.65 , 203.58
661 , -903.44 , 123.89
662 , -350.24 , 173.13
663 , -412.39 , 192.58
664 , 175.25 , -1545.8
665 , 231.04 , -1508.7
666 , -299.28 , 284.99
667 , -141.95 , 283.09
668 , -100.5 , 498.51
669 , -445.04 , 186.76
670 , -303.05 , 189.48
671 , -199.1 , 214.41
672 , -516.26 , 173.37
673 , -190.41 , 195.64
674 , -1061.0 , -29.816
675 , -318.72 , 461.66
676 , -195.02 , 214.58
677 , -960.41 , 115.24
678 , -173.68 , 210.62
679 , 105.17 , -86.645
680 , -249.15 , 225.29
681 , 222.14 , -1484.0
682 , -79.706 , 524.23
683 , 241.47 , -1507.4
684 , -1014.6 , 75.94
685 , -223.75 , 216.73
686 , -314.4 , 250.44
687 , -226.59 , 191.9
688 , -212.67 , 217.87
689 , -1045.4 , 51.483999999999995
690 , -272.22 , 157.87
691 , -1047.3 , -66.692
692 , -223.35 , 189.12
693 , -213.32 , 207.65
694 , -109.85 , 340.84
695 , -219.33 , 170.07
696 , -1033.3 , 96.647
697 , -193.77 , 196.0
698 , -284.38 , 174.72
699 , -319.6 , 168.69
700 , 1.1729 , 41.913000000000004
701 , -302.52 , 161.82
702 , -976.77 , 115.69
703 , -1077.7 , -1237.5
704 , -197.62 , 189.37
705 , -668.67 , 580.87
706 , 176.36 , -1539.4
707 , -266.45 , 245.86
708 , -979.01 , 95.48299999999999
709 , -968.88 , 67.199
710 , -158.81 , 201.76
711 , -1078.0 , -1254.3
712 , -148.72 , 183.93
713 , -12.199000000000002 , 222.45
714 , -352.56 , 246.69
715 , -202.56 , 183.76
716 , 287.49 , -372.35
717 , -83.67399999999999 , 88.098
718 , -181.72 , 207.99
719 , -1074.4 , -1236.1
720 , 23.521 , 101.38
721 , 389.58 , -822.7
722 , 187.2 , -1552.9
723 , -909.33 , 103.28
724 , -929.07 , 115.5
725 , -250.42 , 241.54
726 , -982.47 , 116.96
727 , -299.72 , 240.52
728 , 7.0373 , 32.518
729 , 200.74 , 17.109
730 , -874.39 , 129.48
731 , 247.93 , -267.27
732 , -1007.1 , 44.86
733 , -317.96 , 362.25
734 , -1088.7 , -1220.6
735 , -912.32 , -1504.4
736 , 237.82 , -215.89
737 , -216.29 , 207.39
738 , 162.46 , -146.47
739 , -101.6 , 522.97
740 , -942.95 , 106.74
741 , 242.05 , -227.58
742 , -244.77 , 167.62
743 , -1027.9 , 51.995
744 , -1029.0 , 113.37
745 , -1042.3 , 56.476000000000006
746 , 173.9 , -152.75
747 , 297.49 , -499.25
748 , 216.79 , -244.52
749 , 221.31 , -287.19
750 , 181.05 , -200.11
751 , 247.21 , -371.4
752 , 284.95 , -357.72
753 , 343.96 , -732.22
754 , -1040.3 , -49.077
755 , 187.24 , 26.842
756 , 189.37 , -214.25
757 , 202.97 , -229.71
758 , 286.87 , -444.3
759 , 185.7 , 6.7821
760 , 287.02 , -368.76
761 , 32.01 , 163.16
762 , 310.92 , -447.43
763 , 172.77 , -193.48
764 , 252.15 , -294.42
765 , 139.07 , -137.06
766 , 263.14 , -302.86
767 , 355.13 , -692.6
768 , 160.76 , 34.626
769 , 230.1 , -266.98
770 , 380.35 , -719.71
771 , 161.72 , 70.714
772 , 207.14 , -259.74
773 , 59.592 , 77.025
774 , 271.48 , -341.55
775 , 344.59 , -709.46
776 , -841.7 , 121.62
777 , 325.73 , -663.17
778 , 143.57 , -145.11
779 , 296.54 , -501.75
780 , 50.923 , 94.87200000000001
781 , 59.396 , -14.762
782 , 255.89 , -396.12
783 , -1040.0 , 85.92299999999999
784 , 222.53 , 74.085
785 , 239.09 , -278.0
786 , 320.18 , -518.36
787 , 291.7 , -493.82
788 , 204.59 , -218.4
789 , 164.14 , 76.542
790 , 267.55 , -395.76
791 , 346.76 , -676.08
792 , 225.71 , -323.29
793 , -931.09 , 113.44
794 , 370.11 , -706.29
795 , 337.94 , -705.54
796 , 280.15 , -495.77
797 , 144.81 , -119.91
798 , 390.15 , -798.56
799 , 376.49 , -964.31
800 , 217.28 , -126.35
801 , 318.0 , -558.83
802 , 192.76 , -210.51
803 , 207.75 , -177.3
804 , 347.49 , -651.1
805 , 286.06 , -480.16
806 , 325.0 , -536.56
807 , 156.44 , 78.87100000000001
808 , 177.78 , -192.43
809 , -970.54 , 90.09
810 , 328.99 , -510.23
811 , 357.59 , -793.61
812 , 153.29 , 38.141
813 , 145.79 , 62.72
814 , 370.31 , -700.93
815 , 214.81 , -205.75
816 , 178.42 , -204.12
817 , 337.56 , -699.45
818 , 214.23 , -233.34
819 , 222.71 , 49.785
820 , 165.89 , -120.54
821 , 213.86 , -201.63
822 , 368.31 , -718.9
823 , 353.8 , -719.77
824 , -28.748 , 112.15
825 , 199.99 , -209.0
826 , 288.29 , -1396.9
827 , 316.28 , 133.98
828 , 202.06 , -150.96
829 , 61.068000000000005 , -5.8541
830 , 174.9 , -200.15
831 , -963.86 , 88.12799999999999
832 , 363.87 , -803.86
833 , 213.81 , -264.84
834 , 377.54 , -943.48
835 , 367.46 , -608.53
836 , 247.4 , -334.44
837 , 211.28 , -254.21
838 , -947.3 , 103.31
839 , 348.55 , -547.71
840 , -1008.2 , 88.992
841 , 157.15 , -135.91
842 , 281.36 , -379.72
843 , 236.54 , 111.77
844 , -31.625999999999998 , 89.447
845 , 215.94 , -249.45
846 , 359.69 , -942.13
847 , 161.91 , -88.675
848 , -819.96 , 132.0
849 , 142.54 , 71.782
850 , 289.0 , -500.5
851 , 301.79 , -1378.0
852 , 382.0 , -753.36
853 , 362.24 , -859.95
854 , 107.48 , 53.754
855 , 261.17 , -331.9
856 , 306.6 , -435.51
857 , -108.02 , 150.07
858 , -961.37 , 111.49
859 , 267.21 , -451.58
860 , -1042.5 , 42.518
861 , 366.79 , -670.06
862 , 298.03 , 74.513
863 , 304.8 , -437.66
864 , 156.22 , -182.47
865 , -1033.2 , 68.907
866 , 200.4 , -174.62
867 , -939.05 , 93.29
868 , 254.61 , -375.04
869 , -906.81 , 127.84
870 , 323.82 , -490.67
871 , 70.173 , 24.704
872 , -1015.3 , 81.964
873 , 383.49 , -910.11
874 , 359.47 , -834.58
875 , 311.6 , -564.39
876 , 320.91 , -575.74
877 , 280.44 , 93.475
878 , 334.31 , -693.66
879 , 141.93 , 27.819000000000003
880 , 242.25 , -302.48
881 , 332.63 , 113.08
882 , 241.57 , -275.61
883 , 192.05 , -217.06
884 , 163.82 , 17.414
885 , 209.61 , -276.29
886 , -1047.7 , 35.954
887 , 349.92 , -713.55
888 , 309.08 , -584.47
889 , 275.66 , -377.06
890 , 181.21 , -144.59
891 , 206.58 , -231.7
892 , 199.19 , -198.44
893 , -1012.0 , 59.105
894 , 362.85 , -786.57
895 , -964.09 , 91.785
896 , 301.97 , -541.48
897 , 261.16 , -350.09
898 , 114.28 , -80.372
899 , -907.56 , 112.91
900 , 331.08 , 121.66
901 , 264.26 , -318.27
902 , 331.83 , -573.69
903 , 117.87 , 4.5139
904 , 17.965 , 93.28299999999999
905 , 306.42 , 98.7
906 , 322.58 , 105.56
907 , 352.48 , -592.08
908 , -915.37 , 127.11
909 , 241.74 , 78.43
910 , 238.34 , -310.47
911 , 233.74 , -284.47
912 , 299.22 , -423.09
913 , 211.79 , -268.08
914 , -970.95 , 78.992
915 , 179.11 , 44.596000000000004
916 , -1009.4 , 79.18
917 , 353.51 , -683.15
918 , 34.907 , 19.507
919 , -912.86 , 115.46
920 , 241.66 , -338.65
921 , 306.15 , -557.49
922 , -1028.4 , 45.167
923 , 99.512 , -28.041
924 , 328.27 , -1252.9
925 , 358.57 , -739.84
926 , 276.2 , -429.88
927 , 240.98 , -259.95
928 , 117.64 , -43.021
929 , 241.7 , -235.99
930 , 391.62 , -877.57
931 , -1042.2 , 49.144
932 , -1004.7 , 91.21700000000001
933 , 261.93 , 103.49
934 , 353.06 , -713.68
935 , -1014.2 , 59.733999999999995
936 , 106.99 , -15.895999999999999
937 , 379.44 , -932.17
938 , 267.99 , 66.89699999999999
939 , -936.55 , 122.36
940 , -1051.0 , -62.411
941 , -1049.1 , 85.60799999999999
942 , 253.83 , -309.99
943 , -999.77 , 70.469
944 , -927.43 , 104.85
945 , 219.35 , -230.98
946 , 315.03 , -499.09
947 , 187.31 , -169.82
948 , 365.24 , -665.22
949 , 161.33 , -153.54
950 , 388.03 , -772.87
951 , 170.62 , -192.94
952 , 259.37 , -313.83
953 , 296.87 , -407.79
954 , -919.71 , 143.77
955 , 329.59 , -1238.5
956 , 226.74 , 0.34183
957 , 299.43 , -408.04
958 , 363.27 , -832.48
959 , 94.2 , -15.162
960 , 369.86 , -669.45
961 , -17.644000000000002 , 34.403
962 , 320.05 , -459.09
963 , -1056.3 , 12.020999999999999
964 , 368.43 , -677.21
965 , 354.74 , -709.61
966 , 365.54 , -727.88
967 , 226.33 , -253.72
968 , -1035.2 , -55.754
969 , 299.8 , -517.49
970 , 361.05 , -1021.5
971 , 249.28 , -261.85
972 , -1074.5 , -51.103
973 , 133.41 , 13.550999999999998
974 , 364.77 , -708.56
975 , -1064.4 , -67.705
976 , 325.38 , -592.92
977 , 135.37 , -17.351
978 , 55.185 , 49.396
979 , 323.59 , 109.3
980 , -1034.0 , 42.303999999999995
981 , 191.48 , -169.36
982 , 387.89 , -856.29
983 , -893.15 , 119.21
984 , 381.31 , -944.81
985 , -1011.6 , 30.921999999999997
986 , -939.15 , 99.012
987 , 347.0 , -589.49
988 , 323.16 , -651.92
989 , 189.68 , -193.47
990 , 379.0 , -873.72
991 , 384.34 , -835.18
992 , 248.8 , -310.08
993 , 344.4 , -1185.6
994 , 167.8 , -54.637
995 , 107.25 , -59.028999999999996
996 , 260.48 , -311.81
997 , -951.04 , 100.99
998 , -1084.3 , 59.137
999 , -991.86 , 78.30199999999999
1000 , 315.77 , -587.49
1001 , 255.05 , -234.56
1002 , 193.58 , -112.44
1003 , -1052.8 , -1.7276
1004 , -976.52 , 78.048
1005 , 59.299 , -23.929000000000002
1006 , 128.79 , -46.501999999999995
1007 , 365.15 , -595.59
1008 , -965.47 , 98.58
1009 , 276.32 , -461.17
1010 , -790.09 , 152.42
1011 , 206.72 , -202.16
1012 , 261.98 , -316.16
1013 , 361.18 , -687.17
1014 , 360.65 , -602.38
1015 , 227.6 , -214.33
1016 , 206.86 , -209.08
1017 , 220.61 , -203.75
1018 , -961.3 , 135.78
1019 , -1083.0 , 47.738
1020 , 182.37 , -204.63
1021 , 386.73 , -870.99
1022 , 385.91 , -802.36
1023 , 346.94 , -723.17
1024 , 324.38 , -588.44
1025 , 332.59 , -1218.2
1026 , -853.72 , 123.9
1027 , -1081.0 , 27.45
1028 , -882.23 , 115.74
1029 , 332.98 , -513.29
1030 , 362.74 , -824.77
1031 , 281.58 , -485.38
1032 , 318.89 , -549.94
1033 , -1081.3 , -19.156
1034 , 102.07 , -65.425
1035 , 306.62 , -1340.3
1036 , 294.25 , -393.82
1037 , 232.88 , -275.81
1038 , 375.42 , -875.6
1039 , 187.8 , -196.27
1040 , -1059.0 , 74.69
1041 , 193.88 , -239.11
1042 , 367.95 , -611.08
1043 , 96.895 , -96.48200000000001
1044 , 150.89 , 12.072000000000001
1045 , 170.08 , -157.99
1046 , 127.97 , -58.633
1047 , -975.26 , 69.271
1048 , -177.34 , 165.0
1049 , 183.2 , -142.55
1050 , -958.68 , 133.82
1051 , -1094.9 , 19.268
1052 , 328.0 , -472.09
1053 , 147.37 , -176.46
1054 , -962.67 , 72.416
1055 , -1020.5 , 92.508
1056 , 336.15 , 99.569
1057 , 376.41 , -635.95
1058 , 236.96 , -267.74
1059 , 232.73 , -212.04
1060 , 253.41 , -281.96
1061 , -50.94 , 57.754
1062 , -1034.8 , 106.06
1063 , 99.44 , -53.236000000000004
1064 , 369.2 , -641.73
1065 , 390.56 , -897.41
1066 , 273.35 , -329.27
1067 , -1052.6 , 23.739
1068 , -1004.5 , 106.13
1069 , -1057.6 , -82.195
1070 , -1096.2 , 42.229
1071 , -511.35 , 411.81
1072 , -998.59 , 124.96
1073 , 165.43 , 69.612
1074 , 303.78 , -1390.4
1075 , 27.802 , 48.222
1076 , -777.42 , 135.38
1077 , -948.68 , 152.31
1078 , -260.69 , 146.24
1079 , 245.74 , -294.65
1080 , 359.28 , -805.84
1081 , -983.79 , 101.92
1082 , -892.48 , -1520.7
1083 , 385.53 , -882.87
1084 , 282.41 , -1443.6
1085 , -1068.6 , 37.891
1086 , 275.66 , -347.73
1087 , -899.16 , 102.04
1088 , 225.52 , -264.81
1089 , 340.22 , -1199.6
1090 , 233.05 , -230.34
1091 , 355.24 , -691.02
1092 , -784.83 , 144.07
1093 , 171.96 , 44.775
1094 , 245.13 , -268.47
1095 , -877.21 , 132.08
1096 , 303.69 , -420.77
1097 , -794.39 , 144.53
1098 , -1059.1 , 45.498000000000005
1099 , 383.55 , -897.83
1100 , -1062.5 , -55.325
1101 , 357.33 , -716.81
1102 , -890.61 , 113.24
1103 , 354.7 , -675.2
1104 , 367.93 , -1035.0
1105 , -1047.9 , -11.225999999999999
1106 , 277.38 , -1483.9
1107 , 386.32 , -730.91
1108 , 291.82 , 120.32
1109 , -1064.4 , -97.87100000000001
1110 , -1021.2 , 88.719
1111 , -960.59 , 140.71
1112 , -1061.3 , 55.062
1113 , 396.06 , -830.83
1114 , 275.57 , -1485.0
1115 , 390.48 , -776.07
1116 , 376.87 , -735.97
1117 , -1091.6 , 12.275
1118 , -934.08 , 145.62
1119 , 249.4 , 74.77
1120 , -919.61 , 124.87
1121 , 376.24 , -761.89
1122 , 339.74 , -593.67
1123 , -990.14 , 70.296
1124 , 322.35 , -531.63
1125 , -169.44 , 122.64
1126 , -1051.9 , 55.445
1127 , 186.57 , -177.71
1128 , -1010.6 , 61.744
1129 , 335.38 , -1187.0
1130 , -1061.6 , 27.005
1131 , -894.88 , 144.48
1132 , 343.64 , -539.54
1133 , -836.83 , 125.99
1134 , 189.22 , 32.741
1135 , -965.46 , 128.24
1136 , 234.5 , -228.54
1137 , -1047.3 , -53.577
1138 , 213.31 , -193.53
1139 , 327.28 , -630.89
1140 , 344.97 , -604.71
1141 , -951.98 , 108.43
1142 , -996.97 , 111.01
1143 , -1082.3 , 53.155
1144 , 332.79 , 104.79
1145 , -938.2 , 90.685
1146 , -897.17 , -1515.8
1147 , 89.34299999999999 , -54.711999999999996
1148 , -938.6 , 118.42
1149 , 380.92 , -688.75
1150 , -92.583 , 88.801
1151 , 314.36 , -1317.2
1152 , -894.77 , 121.9
1153 , 267.12 , -367.89
1154 , 214.63 , 91.667
1155 , -1050.2 , 8.884
1156 , 64.51 , 16.735
1157 , -1040.7 , 28.719
1158 , -1039.5 , 102.87
1159 , 280.14 , -1389.2
1160 , -1003.0 , 92.75200000000001
1161 , 97.20200000000001 , -58.192
1162 , -1056.5 , 64.432
1163 , 76.12 , -36.399
1164 , -859.45 , 111.02
1165 , 376.4 , -687.15
1166 , 135.35 , 81.717
1167 , -885.17 , 122.79
1168 , 270.41 , -430.81
1169 , -1015.8 , 52.486000000000004
1170 , -958.92 , 120.86
1171 , -922.01 , 129.96
1172 , 276.16 , -1411.9
1173 , 195.7 , 93.624
1174 , -1003.7 , 123.88
1175 , -1036.8 , -1314.2
1176 , 85.62799999999999 , 16.187
1177 , -1070.2 , 18.038
1178 , -1045.8 , -14.474
1179 , -882.15 , 142.64
1180 , -987.35 , 119.17
1181 , -874.92 , 99.961
1182 , -1034.5 , -50.358999999999995
1183 , -935.45 , 108.68
1184 , -828.07 , 141.14
1185 , -957.35 , 147.42
1186 , -948.8 , 143.41
1187 , -810.17 , 126.98
1188 , 165.84 , 87.243
1189 , 250.98 , -314.02
1190 , -1050.4 , -53.763000000000005
1191 , -989.18 , 102.42
1192 , -839.25 , 141.34
1193 , 223.47 , -230.4
1194 , 243.34 , -260.98
1195 , -892.76 , 113.09
1196 , -987.14 , 84.448
1197 , -871.85 , 115.37
1198 , -883.56 , 94.23100000000001
1199 , 333.65 , -1248.0
1200 , -1124.9 , -962.14
1201 , -1068.1 , 55.711000000000006
1202 , 394.98 , -836.45
1203 , 396.41 , -872.07
1204 , -1025.8 , 118.39
1205 , -905.78 , 134.88
1206 , -907.26 , 88.309
1207 , -900.83 , 117.88
1208 , -96.93700000000001 , 30.799
1209 , 333.98 , -1199.7
1210 , -1034.2 , 21.728
1211 , -782.48 , 150.9
1212 , 89.462 , 103.93
1213 , -980.58 , 114.56
1214 , 157.83 , -155.27
1215 , -939.24 , 145.63
1216 , 203.54 , 113.58
1217 , -976.1 , 133.32
1218 , 346.66 , -673.22
1219 , -831.31 , 126.47
1220 , -1054.0 , 96.86399999999999
1221 , -1084.7 , -2.9361
1222 , -1005.8 , 87.346
1223 , -914.67 , 125.19
1224 , 366.98 , -1052.4
1225 , -1057.8 , -79.414
1226 , -1033.4 , 101.43
1227 , -1048.8 , 104.04
1228 , 310.11 , 88.93299999999999
1229 , -272.56 , 170.54
1230 , 363.05 , -593.21
1231 , -250.11 , 234.4
1232 , -954.56 , 134.84
1233 , 200.13 , -213.55
1234 , 278.84 , -442.3
1235 , 64.99600000000001 , -40.423
1236 , -808.68 , 141.57
1237 , 242.06 , -245.25
1238 , -970.11 , 57.788000000000004
1239 , -929.86 , 112.39
1240 , 203.37 , 64.431
1241 , -875.23 , 115.93
1242 , 94.72 , 40.497
1243 , -1042.8 , 39.452
1244 , 283.03 , -1473.0
1245 , -971.46 , 135.14
1246 , -942.45 , 88.085
1247 , -1073.1 , 70.137
1248 , -95.529 , 486.31
1249 , -939.91 , 129.64
1250 , 100.68 , -137.78
1251 , -981.09 , 106.78
1252 , 318.15 , 104.82
1253 , -1085.2 , 35.547
1254 , 371.45 , -1040.5
1255 , 309.52 , -516.32
1256 , 153.45 , 91.251
1257 , -1064.8 , -81.623
1258 , -1010.9 , 40.1
1259 , 253.76 , -321.12
1260 , -1078.3 , -43.23
1261 , -10.327 , 93.698
1262 , 396.16 , -845.34
1263 , 99.74600000000001 , 74.89
1264 , 321.62 , 126.33
1265 , 44.221000000000004 , 99.052
1266 , 344.99 , -1170.8
1267 , -961.58 , 126.42
1268 , -984.39 , 109.91
1269 , 11.274000000000001 , 25.123
1270 , 366.31 , -649.62
1271 , 217.98 , 43.586999999999996
1272 , 67.814 , -11.294
1273 , -1020.7 , 38.7
1274 , 254.21 , -1486.3
1275 , -1055.5 , -64.755
1276 , -1119.9 , -918.1
1277 , 237.73 , -301.32
1278 , 266.4 , -1440.0
1279 , 382.72 , -799.27
1280 , -913.6 , 143.39
1281 , -1001.6 , 100.12
1282 , 214.34 , -223.32
1283 , 120.02 , -117.59
1284 , -1099.4 , -669.58
1285 , -1086.8 , 55.282
1286 , -1057.2 , 84.014
1287 , -896.17 , 139.83
1288 , -964.18 , 114.8
1289 , -1025.5 , 84.669
1290 , 298.73 , -1427.3
1291 , 104.78 , 87.421
1292 , -448.81 , 324.96
1293 , -946.43 , 150.94
1294 , -1042.7 , 18.104
1295 , 309.61 , -490.06
1296 , 360.39 , -635.32
1297 , -817.34 , 142.73
1298 , -1070.7 , -1261.0
1299 , -1012.1 , 105.12
1300 , 355.14 , -591.09
1301 , 88.802 , 88.027
1302 , -1126.7 , -970.71
1303 , -150.75 , 87.587
1304 , -1052.2 , 20.94
1305 , 215.21 , 126.35
1306 , 254.88 , -1489.5
1307 , 282.1 , -342.64
1308 , 100.26 , 51.945
1309 , 344.32 , -574.17
1310 , -1095.5 , -405.32
1311 , 237.05 , -350.66
1312 , 342.49 , -1198.3
1313 , -1067.7 , -134.44
1314 , 290.51 , -1475.4
1315 , 325.63 , -1253.2
1316 , 268.5 , -1482.1
1317 , -1058.7 , -83.915
1318 , -1057.1 , -38.041
1319 , 257.14 , -1488.6
1320 , -1037.6 , -52.216
1321 , 83.374 , -14.322000000000001
1322 , 367.71 , -1024.0
1323 , -1057.9 , 56.711000000000006
1324 , -864.94 , 113.17
1325 , -1052.1 , -49.047
1326 , 358.82 , 144.36
1327 , -1122.7 , -933.97
1328 , 338.7 , -517.16
1329 , -987.84 , 54.088
1330 , -1052.5 , 11.118
1331 , 385.99 , -825.59
1332 , -1059.4 , 9.7909
1333 , -1072.9 , -28.179000000000002
1334 , 117.51 , -91.60600000000001
1335 , -951.09 , 93.66
1336 , -929.88 , 76.176
1337 , -994.27 , 69.86399999999999
1338 , -870.56 , 102.84
1339 , 317.73 , -1287.9
1340 , -960.55 , 113.21
1341 , -925.26 , 150.35
1342 , 294.48 , -1452.9
1343 , -913.51 , 124.15
1344 , -77.343 , 120.34
1345 , -999.85 , -1374.7
1346 , -883.28 , 126.47
1347 , -1002.6 , 114.37
1348 , -977.38 , 112.11
1349 , 194.12 , -170.61
1350 , -972.0 , 57.93
1351 , 291.09 , -1486.6
1352 , 316.65 , 123.05
1353 , -1035.9 , 79.87
1354 , -517.35 , 420.37
1355 , -1086.8 , 61.67100000000001
1356 , 326.4 , 112.85
1357 , 362.95 , -1068.3
1358 , 378.74 , 139.3
1359 , 102.14 , 89.87299999999999
1360 , -778.46 , 136.68
1361 , -420.34 , 175.28
1362 , -801.21 , 137.05
1363 , -749.47 , 143.43
1364 , -898.64 , 143.02
1365 , 268.55 , -1496.4
1366 , 281.1 , -357.48
1367 , 318.15 , -1295.2
1368 , -264.15 , 249.81
1369 , -1027.6 , 27.595
1370 , -993.5 , 85.181
1371 , -958.22 , 98.647
1372 , 5.0742 , 99.072
1373 , -60.695 , 236.4
1374 , -1081.6 , -32.162
1375 , 140.82 , 81.808
1376 , 297.42 , -1474.2
1377 , -1084.6 , -1223.9
1378 , -840.54 , 119.51
1379 , 58.646 , 88.665
1380 , -1024.8 , 99.632
1381 , -789.76 , 138.24
1382 , -3.385 , 1.5854
1383 , 117.85 , 26.905
1384 , -1081.5 , -209.94
1385 , -1060.7 , -57.722
1386 , -859.08 , 119.54
1387 , -920.05 , 89.507
1388 , -1085.1 , -38.35
1389 , -16.712 , 54.333999999999996
1390 , -871.23 , 121.12
1391 , 334.88 , -1194.9
1392 , -1088.8 , -21.421999999999997
1393 , 209.61 , -182.33
1394 , -829.12 , 117.12
1395 , 293.28 , -1442.0
1396 , 90.28299999999999 , -7.1853
1397 , -1075.0 , 94.932
1398 , -878.0 , 117.63
1399 , 302.74 , -528.7
1400 , 343.21 , -676.83
1401 , 318.79 , -1264.8
1402 , -1060.9 , -84.425
1403 , 167.16 , -73.17699999999999
1404 , -1028.0 , 14.575
1405 , 318.97 , -491.78
1406 , -846.35 , 136.73
1407 , -946.9 , 138.31
1408 , -851.79 , 107.48
1409 , -1059.2 , 60.005
1410 , -1122.3 , -966.42
1411 , -642.13 , 178.82
1412 , -933.43 , 120.36
1413 , -1002.3 , 90.501
1414 , -871.0 , 126.69
1415 , 395.15 , -822.84
1416 , -1027.7 , 127.32
1417 , -916.56 , 148.16
1418 , -1031.4 , 88.25200000000001
1419 , -925.41 , 86.257
1420 , 281.03 , -1501.0
1421 , -1092.0 , -26.565
1422 , -1008.1 , 119.6
1423 , 261.54 , -1496.1
1424 , 296.09 , -1350.7
1425 , -994.89 , 120.61
1426 , -186.57 , 144.89
1427 , -1053.2 , 74.131
1428 , -959.64 , 73.059
1429 , -831.21 , 139.11
1430 , 335.18 , -1224.6
1431 , 203.49 , -197.38
1432 , -1085.7 , -1250.7
1433 , -1048.1 , 31.219
1434 , 329.56 , -1222.1
1435 , -887.02 , 142.03
1436 , -985.19 , 64.166
1437 , -1068.6 , 51.09
1438 , -166.36 , 165.49
1439 , 278.44 , -346.53
1440 , -984.68 , 67.756
1441 , 299.66 , 129.79
1442 , 380.97 , -703.88
1443 , 310.8 , -1317.1
1444 , 51.466 , 42.386
1445 , -266.63 , 150.92
1446 , -176.63 , 166.97
1447 , -1018.8 , 108.91
1448 , -847.16 , 133.34
1449 , -1058.5 , 39.5
1450 , -247.22 , 219.2
1451 , -935.2 , 132.58
1452 , -96.35700000000001 , 491.58
1453 , -996.41 , 66.594
1454 , 341.45 , -1203.4
1455 , -763.03 , 144.07
1456 , 298.41 , -1470.2
1457 , 383.41 , -944.59
1458 , 153.21 , 30.396
1459 , -225.1 , 179.93
1460 , -1075.1 , -3.3426
1461 , -978.43 , 92.735
1462 , -1081.0 , -168.76
1463 , -1068.8 , 0.71592
1464 , -193.58 , 205.19
1465 , -947.96 , 99.777
1466 , -973.16 , 139.75
1467 , -1025.5 , 93.30799999999999
1468 , -857.62 , 132.68
1469 , -1060.8 , 63.678999999999995
1470 , -1050.0 , 1.7126
1471 , -945.04 , 92.345
1472 , 25.569000000000003 , 58.467
1473 , -968.35 , 86.92
1474 , 6.7172 , -8.5733
1475 , 274.08 , -1489.3
1476 , -165.95 , 171.05
1477 , -864.83 , 119.39
1478 , 304.47 , -1437.7
1479 , -946.51 , 154.88
1480 , -103.58 , 379.43
1481 , -932.35 , 99.984
1482 , 286.75 , -1491.0
1483 , -1084.9 , -0.54135
1484 , -983.4 , 80.008
1485 , -958.39 , 140.34
1486 , -988.1 , 131.67
1487 , -1059.1 , 88.48700000000001
1488 , -1083.5 , 45.383
1489 , -952.87 , 120.63
1490 , 387.6 , -834.98
1491 , -149.11 , 134.01
1492 , -91.149 , 489.9
1493 , -919.11 , 105.75
1494 , -82.85 , 500.45
1495 , 218.02 , -1532.5
1496 , -521.87 , 188.77
1497 , -872.32 , 128.52
1498 , -1046.0 , 108.75
1499 , -906.32 , 131.15
1500 , -1042.6 , -52.474
1501 , -998.09 , 29.138
1502 , -1113.9 , -868.03
1503 , -587.1 , 180.3
1504 , -254.82 , 159.32
1505 , -927.24 , 115.69
1506 , -1109.9 , -922.47
1507 , -888.27 , 97.54700000000001
1508 , -1095.7 , -436.28
1509 , -1082.2 , 33.03
1510 , -1112.7 , -844.22
1511 , 272.31 , -1483.8
1512 , 179.54 , -188.81
1513 , 296.19 , -1466.3
1514 , 253.15 , -1505.6
1515 , -888.08 , 121.95
1516 , -928.03 , 98.89
1517 , -317.36 , 368.31
1518 , 369.5 , -697.08
1519 , -743.16 , 140.8
1520 , -987.43 , 126.86
1521 , -992.23 , 114.53
1522 , -276.45 , 176.28
1523 , -68.189 , 78.244
1524 , -1039.9 , 66.368
1525 , -289.11 , 309.51
1526 , 230.69 , -1515.4
1527 , -1031.5 , 40.389
1528 , -961.26 , 78.623
1529 , -953.38 , 119.23
1530 , -839.84 , 124.99
1531 , 356.22 , -639.48
1532 , -1023.9 , 21.39
1533 , -1111.2 , -898.29
1534 , -1113.0 , -840.82
1535 , -732.79 , 154.49
1536 , 23.208000000000002 , 76.411
1537 , -1008.7 , 32.376
1538 , 122.66 , -12.045
1539 , -1034.9 , -14.623
1540 , -817.16 , 124.68
1541 , -90.335 , 472.42
1542 , -809.62 , 124.42
1543 , -605.62 , 512.19
1544 , -1058.9 , 78.935
1545 , -1054.0 , 77.148
1546 , -750.81 , 157.17
1547 , -1064.6 , -2.4751
1548 , -179.7 , 162.95
1549 , -1078.2 , -138.53
1550 , 295.51 , -1419.6
1551 , -87.815 , 527.64
1552 , -58.693000000000005 , 118.71
1553 , -832.81 , 132.33
1554 , -1079.5 , 80.16
1555 , -127.04 , 178.39
1556 , -1086.4 , 52.665
1557 , -907.38 , -1506.2
1558 , 285.58 , -1471.3
1559 , -76.257 , 111.95
1560 , -400.34 , 220.0
1561 , -1048.6 , 12.849
1562 , -189.76 , 164.45
1563 , 220.41 , -1526.1
1564 , -6.3333 , 55.199
1565 , -860.66 , 117.15
1566 , -984.43 , 74.639
1567 , -1099.6 , 51.591
1568 , -89.751 , 469.46
1569 , -1047.3 , 81.097
1570 , -855.51 , 148.92
1571 , 354.2 , -565.57
1572 , 202.03 , 84.889
1573 , 28.493000000000002 , 257.13
1574 , -208.95 , 184.31
1575 , -894.14 , 128.73
1576 , -683.54 , 166.76
1577 , -1067.6 , 91.17
1578 , 298.42 , -1441.3
1579 , -1061.9 , -1280.1
1580 , -197.18 , 184.32
1581 , -304.39 , 348.67
1582 , -992.13 , 72.682
1583 , -344.93 , 149.06
1584 , -1002.4 , 61.538000000000004
1585 , -1055.3 , 20.345
1586 , 166.62 , -178.74
1587 , 349.5 , -1070.6
1588 , -871.93 , 137.86
1589 , -1054.6 , -11.937999999999999
1590 , -1051.7 , 58.185
1591 , -111.21 , 120.11
1592 , -81.71 , 527.75
1593 , -1101.1 , -726.66
1594 , 363.05 , -876.96
1595 , 253.97 , -1497.5
1596 , 44.931999999999995 , -3.3907
1597 , 261.75 , -1487.2
1598 , -953.94 , 128.28
1599 , -555.03 , 169.42
1600 , 261.74 , -1484.1
1601 , 284.23 , -1464.5
1602 , -122.88 , 233.23
1603 , -183.99 , 201.91
1604 , -262.77 , 179.72
1605 , -996.63 , 129.62
1606 , -240.87 , 199.54
1607 , -1074.5 , -148.27
1608 , 299.47 , -405.42
1609 , -1101.6 , 37.315
1610 , -961.49 , 131.3
1611 , -1082.5 , 40.981
1612 , -927.17 , 108.02
1613 , 48.093 , -3.6233
1614 , -843.02 , 123.78
1615 , -1051.5 , -14.935
1616 , -1096.4 , 53.631
1617 , 267.62 , 121.33
1618 , -123.26 , 168.31
1619 , -413.65 , 303.55
1620 , -1055.1 , 72.592
1621 , -842.65 , 111.86
1622 , -1009.3 , -24.287
1623 , -477.96 , 368.04
1624 , -905.95 , 105.31
1625 , -991.16 , 55.098
1626 , -104.36 , 127.5
1627 , -765.61 , 103.34
1628 , 122.68 , -63.033
1629 , -770.78 , 151.36
1630 , -69.941 , 157.45
1631 , -1014.3 , 89.21
1632 , -30.362 , 105.54
1633 , -314.3 , 212.83
1634 , -1061.4 , 82.741
1635 , -1057.4 , -65.59899999999999
1636 , -1075.6 , 26.151
1637 , -160.85 , 172.02
1638 , 261.63 , 88.25399999999999
1639 , -77.633 , 190.92
1640 , -1092.2 , 5.2894
1641 , -343.58 , 167.19
1642 , -959.62 , 124.28
1643 , 3.2923 , -11.149000000000001
1644 , -136.9 , 233.95
1645 , -154.39 , 166.35
1646 , 395.78 , -827.2
1647 , -1042.9 , 108.13
1648 , 268.37 , 88.78200000000001
1649 , -116.88 , 201.81
1650 , -1073.1 , -1251.6
1651 , 33.865 , 262.7
1652 , -1023.8 , 94.90899999999999
1653 , -242.79 , 189.78
1654 , -985.84 , 76.373
1655 , -1088.7 , -12.870999999999999
1656 , -186.01 , 189.59
1657 , -1043.6 , -22.365
1658 , -344.98 , 189.62
1659 , -980.78 , 57.485
1660 , -1125.9 , -975.22
1661 , -801.46 , 134.9
1662 , -1100.8 , -465.29
1663 , -325.15 , 563.3
1664 , -17.832 , 84.51299999999999
1665 , -1097.4 , -1213.8
1666 , -138.23 , 152.88
1667 , -310.16 , 344.28
1668 , -183.91 , 191.7
1669 , -1067.8 , -123.57
1670 , 279.54 , -470.75
1671 , -258.4 , 176.6
1672 , -343.78 , 265.47
1673 , -311.39 , 257.44
1674 , 295.97 , -391.14
1675 , -195.53 , 181.79
1676 , -148.31 , 160.01
1677 , -1093.4 , -1235.9
1678 , -764.08 , 156.99
1679 , -111.39 , 324.35
1680 , -831.54 , 130.98
1681 , 285.45 , -1497.7
1682 , -1065.4 , 82.569
1683 , -887.53 , 130.93
1684 , -168.39 , 151.54
1685 , -1020.5 , 44.121
1686 , -212.43 , 179.45
1687 , -1091.8 , -1256.4
1688 , 285.03 , -1460.0
1689 , -1025.9 , 42.778
1690 , 312.39 , -1333.4
1691 , -645.6 , 178.26
1692 , -996.89 , 124.8
1693 , -879.72 , 120.9
1694 , -205.88 , 186.47
1695 , -860.37 , 121.33
1696 , -278.35 , 189.76
1697 , -287.28 , 296.77
1698 , 44.809 , 23.6
1699 , -906.42 , -1506.1
1700 , -1099.1 , -741.61
1701 , -653.9 , 174.02
1702 , -137.67 , 168.27
1703 , -913.41 , 117.21
1704 , -1095.1 , -411.24
1705 , -288.24 , 177.2
1706 , -872.45 , 108.44
1707 , -170.39 , 162.58
1708 , -1108.9 , -826.98
1709 , -1076.7 , -9.687999999999999
1710 , 299.45 , -1463.2
1711 , -1065.7 , 41.515
1712 , -196.76 , 200.68
1713 , -170.97 , 149.72
1714 , 161.42 , 58.226000000000006
1715 , 177.27 , 123.46
1716 , 288.83 , -1461.5
1717 , -969.0 , 138.22
1718 , -1035.1 , 50.868
1719 , -1121.0 , -934.3
1720 , -964.05 , 31.449
1721 , 114.52 , -94.62899999999999
1722 , 369.23 , 114.86
1723 , -687.44 , 161.42
1724 , -101.0 , 468.68
1725 , -1028.8 , 66.40100000000001
1726 , 208.62 , -305.6
1727 , -151.53 , 228.47
1728 , -752.97 , 157.5
1729 , -735.67 , 155.19
1730 , -1012.3 , 124.4
1731 , -302.44 , 247.74
1732 , 202.88 , -1519.3
1733 , -665.63 , 168.58
1734 , -1031.9 , 61.41
1735 , -146.01 , 141.58
1736 , 220.81 , -311.33
1737 , -1091.6 , 62.841
1738 , -988.62 , 99.23200000000001
1739 , -1053.0 , 66.80199999999999
1740 , -1125.7 , -959.02
1741 , -171.68 , 169.28
1742 , 333.58 , -614.26
1743 , -894.08 , -1519.3
1744 , -789.2 , 134.52
1745 , 263.07 , 76.925
1746 , -903.77 , -1511.5
1747 , -1073.1 , 39.302
1748 , -962.49 , 103.88
1749 , -934.46 , 122.83
1750 , -895.84 , -1519.1
1751 , -1022.7 , 108.42
1752 , -1094.9 , -402.86
1753 , -92.06299999999999 , 481.37
1754 , -978.68 , 129.54
1755 , -779.08 , 143.78
1756 , -201.86 , 212.67
1757 , -1095.7 , -1247.2
1758 , -918.4 , 84.848
1759 , -1074.2 , 21.273000000000003
1760 , -1119.2 , -1011.3
1761 , -88.14 , 506.74
1762 , -136.36 , 180.48
1763 , -870.81 , 95.73899999999999
1764 , -168.58 , 175.05
1765 , -767.69 , 139.55
1766 , -164.94 , 155.31
1767 , -1068.4 , -45.458999999999996
1768 , -1029.9 , 37.957
1769 , -39.949 , 130.53
1770 , -222.55 , 241.49
1771 , -186.18 , 197.26
1772 , -336.57 , 504.88
1773 , -951.02 , 112.93
1774 , 97.546 , 74.851
1775 , -1094.8 , -737.62
1776 , -135.11 , 136.83
1777 , -658.93 , 171.75
1778 , -309.54 , 299.08
1779 , 303.84 , -1462.3
1780 , -312.83 , 326.78
1781 , -841.31 , 129.4
1782 , -890.31 , -1516.7
1783 , -976.15 , 126.68
1784 , -905.61 , 136.75
1785 , -377.74 , 284.97
1786 , -1041.7 , 96.045
1787 , -949.31 , 146.11
1788 , -721.46 , 147.23
1789 , -328.51 , 412.39
1790 , -267.57 , 194.69
1791 , -1031.7 , 55.668
1792 , -1057.2 , 26.906999999999996
1793 , -892.16 , 104.82
1794 , -95.491 , 499.37
1795 , -174.64 , 173.0
1796 , -730.27 , 149.3
1797 , 301.94 , -1434.1
1798 , -217.74 , 196.96
1799 , -1081.8 , -1252.9
1800 , -1107.0 , -791.47
1801 , -289.61 , 228.59
1802 , -200.18 , 207.73
1803 , -1095.1 , -1229.5
1804 , 281.19 , -1489.6
1805 , -654.44 , 163.93
1806 , -829.33 , 146.11
1807 , -111.16 , 138.47
1808 , -1089.6 , -252.08
1809 , -937.91 , 143.66
1810 , -901.44 , 144.62
1811 , -1019.4 , 19.067
1812 , -1091.5 , -1212.8
1813 , -233.89 , 200.71
1814 , -918.91 , 81.001
1815 , -939.68 , 88.805
1816 , -899.16 , -1514.2
1817 , 171.17 , 28.241999999999997
1818 , 190.23 , -1563.4
1819 , -325.92 , 568.84
1820 , -98.87100000000001 , 488.95
1821 , -85.18 , 526.49
1822 , 175.68 , -168.21
1823 , -396.69 , 297.04
1824 , 341.43 , -528.79
1825 , -1089.1 , -1193.2
1826 , -891.77 , -1514.5
1827 , 278.65 , -1499.8
1828 , -467.84 , 264.79
1829 , 61.18 , -26.802
1830 , -998.11 , 137.78
1831 , -610.74 , 180.99
1832 , -385.28 , 183.5
1833 , -1071.3 , 100.45
1834 , -124.62 , 225.18
1835 , -767.52 , 136.69
1836 , -1104.7 , -777.85
1837 , -1074.5 , -1238.6
1838 , 270.56 , -308.12
1839 , -404.78 , 206.52
1840 , -960.21 , 156.75
1841 , -292.34 , 188.75
1842 , -908.53 , -1512.4
1843 , -168.35 , 211.97
1844 , -296.35 , 177.82
1845 , -173.69 , 160.58
1846 , 213.93 , -1543.3
1847 , -475.83 , 182.74
1848 , -98.536 , 136.07
1849 , -1002.1 , 142.08
1850 , -616.8 , 178.77
1851 , -229.69 , 204.01
1852 , -969.11 , 54.521
1853 , 34.645 , 266.34
1854 , -1051.8 , 93.79700000000001
1855 , -363.68 , 176.03
1856 , -115.72 , 494.88
1857 , -176.61 , 213.01
1858 , 340.32 , -568.56
1859 , -163.66 , 173.7
1860 , -300.94 , 239.2
1861 , -177.18 , 230.33
1862 , -409.03 , 300.33
1863 , -284.33 , 190.88
1864 , -278.17 , 179.24
1865 , -265.39 , 170.21
1866 , -323.8 , 480.96
1867 , -164.14 , 229.76
1868 , -412.97 , 234.28
1869 , -938.13 , 109.71
1870 , -282.32 , 199.58
1871 , -1099.4 , -761.09
1872 , -312.73 , 369.8
1873 , -731.27 , 152.22
1874 , -1087.9 , -1233.8
1875 , -638.53 , 174.17
1876 , -137.21 , 242.85
1877 , -721.18 , 162.04
1878 , -902.38 , -1514.9
1879 , -32.189 , 237.23
1880 , -205.58 , 212.35
1881 , -903.29 , 93.50200000000001
1882 , -383.52 , 200.53
1883 , -586.76 , 500.33
1884 , -746.82 , 160.22
1885 , -135.57 , 174.64
1886 , -322.36 , 490.13
1887 , -815.9 , 149.88
1888 , -1118.4 , -1018.6
1889 , -176.16 , 218.32
1890 , -170.48 , 196.55
1891 , -332.4 , 239.81
1892 , -1103.5 , -706.41
1893 , -275.77 , 235.66
1894 , -401.14 , 256.17
1895 , -875.79 , 146.36
1896 , -995.68 , 108.86
1897 , -1106.5 , -681.53
1898 , -174.05 , 130.04
1899 , -417.82 , 257.7
1900 , -790.55 , 147.05
1901 , -853.9 , 127.33
1902 , -248.41 , 183.86
1903 , -194.16 , 190.8
1904 , -176.86 , 200.9
1905 , 195.98 , -1542.5
1906 , -1003.9 , 127.76
1907 , -150.56 , 205.31
1908 , -781.05 , 142.86
1909 , 278.25 , -1477.3
1910 , -212.86 , 220.3
1911 , 29.735 , 235.58
1912 , 108.11 , -51.119
1913 , -812.44 , 132.36
1914 , -300.48 , 371.76
1915 , -221.14 , 210.75
1916 , 388.29 , -883.38
1917 , 280.58 , -1507.0
1918 , -897.52 , -1517.0
1919 , -943.49 , 105.24
1920 , -193.6 , 220.12
1921 , 390.42 , -786.05
1922 , 53.95 , -68.782
1923 , -195.58 , 177.47
1924 , -1078.1 , 47.498000000000005
1925 , -197.37 , 203.07
1926 , -341.37 , 288.52
1927 , 292.37 , -398.92
1928 , -753.8 , 160.89
1929 , -557.84 , 195.81
1930 , -872.27 , 143.81
1931 , -201.04 , 185.53
1932 , -153.3 , 206.73
1933 , -999.61 , 108.41
1934 , 393.23 , -871.87
1935 , -83.30799999999999 , 505.74
1936 , -490.54 , 186.5
1937 , -133.83 , 227.49
1938 , -92.479 , 143.65
1939 , -89.616 , 501.97
1940 , 104.0 , 137.14
1941 , -125.49 , 137.24
1942 , -168.23 , 207.14
1943 , -321.01 , 262.22
1944 , -1077.3 , 24.586
1945 , -1062.5 , -91.586
1946 , -251.44 , 182.2
1947 , -1100.9 , -765.42
1948 , -642.61 , 163.02
1949 , -154.56 , 148.1
1950 , -297.75 , 344.27
1951 , -147.36 , 228.34
1952 , -825.88 , 147.07
1953 , -1112.3 , -851.46
1954 , -87.667 , 491.69
1955 , -11.354000000000001 , 122.65
1956 , 82.875 , 82.036
1957 , 289.44 , -1488.0
1958 , 299.66 , -1420.1
1959 , -636.37 , 176.32
1960 , -172.67 , 201.86
1961 , -218.92 , 228.35
1962 , -1123.2 , -946.9
1963 , -209.55 , 177.95
1964 , -932.34 , 123.22
1965 , -393.67 , 269.33
1966 , -91.214 , 493.82
1967 , -463.25 , 299.35
1968 , -177.14 , 195.15
1969 , -15.293 , 219.66
1970 , -229.7 , 177.43
1971 , -187.86 , 201.81
1972 , -280.48 , 227.35
1973 , -510.78 , 201.6
1974 , 281.1 , -1473.4
1975 , -342.71 , 216.17
1976 , -129.85 , 495.12
1977 , -19.986 , -69.205
1978 , 330.07 , -483.38
1979 , -1091.1 , -278.26
1980 , -308.12 , 319.54
1981 , -572.08 , 452.09
1982 , -230.25 , 191.44
1983 , -127.62 , 163.88
1984 , -732.39 , 175.71
1985 , -86.436 , 548.64
1986 , -818.21 , 138.55
1987 , -293.39 , 307.72
1988 , -289.67 , 173.68
1989 , -511.84 , 242.52
1990 , -450.05 , 215.03
1991 , 293.74 , -1464.0
1992 , -645.38 , 177.4
1993 , -189.15 , 153.43
1994 , -1078.5 , 92.73299999999999
1995 , -812.86 , 121.16
1996 , -225.17 , 172.21
1997 , -1094.1 , -32.622
1998 , -201.22 , 232.43
1999 , -638.35 , 544.39
2000 , -1098.1 , -694.51
2001 , -386.28 , 191.05
2002 , -139.75 , 210.95
2003 , -235.97 , 166.44
2004 , -1096.2 , -665.41
2005 , -262.03 , 214.91
2006 , -210.44 , 168.95
2007 , -383.23 , 235.51
2008 , -855.98 , 115.42
2009 , -91.448 , 462.68
2010 , -81.718 , 531.16
2011 , 318.6 , -639.98
2012 , -1084.7 , 75.898
2013 , 309.18 , 97.795
2014 , -132.23 , 248.86
2015 , -178.5 , 174.01
2016 , -153.43 , 209.55
2017 , -218.23 , 179.49
2018 , -137.49 , 165.11
2019 , -223.92 , 209.37
2020 , -160.99 , 174.79
2021 , -854.76 , 111.52
2022 , -28.294 , 159.35
2023 , 269.0 , -1470.4
2024 , -1063.1 , 85.40100000000001
2025 , 295.74 , -1500.3
2026 , -210.5 , 145.47
2027 , -151.04 , 179.55
2028 , 200.54 , -1541.7
2029 , -168.1 , 231.54
2030 , -132.96 , 260.61
2031 , -1097.1 , -1237.8
2032 , -327.14 , 393.78
2033 , -222.63 , 161.4
2034 , -163.89 , 241.03
2035 , 83.896 , 96.324
2036 , 191.72 , -1570.8
2037 , -923.72 , 148.0
2038 , -192.82 , 162.09
2039 , -169.22 , 146.37
2040 , -146.4 , 167.7
2041 , 390.58 , -772.74
2042 , -686.07 , 164.61
2043 , -1081.0 , -1238.7
2044 , -405.73 , 196.62
2045 , -144.33 , 202.16
2046 , 378.08 , -647.85
2047 , -88.964 , 493.29
2048 , -444.39 , 198.58
2049 , 55.827 , 280.94
2050 , 264.11 , -381.34
2051 , -313.5 , 452.46
2052 , -962.07 , 81.64699999999999
2053 , 46.997 , 264.81
2054 , -246.7 , 251.13
2055 , 5.3427 , -33.109
2056 , -319.67 , 475.59
2057 , -215.88 , 173.03
2058 , -181.79 , 239.57
2059 , -704.02 , 143.83
2060 , -153.58 , 169.48
2061 , -243.47 , 215.88
2062 , -177.86 , 155.78
2063 , -197.94 , 221.64
2064 , -358.85 , 358.72
2065 , -1097.4 , -1197.3
2066 , -45.974 , 160.56
2067 , 321.51 , -567.96
2068 , -188.55 , 220.87
2069 , -238.4 , 230.19
2070 , 23.633000000000003 , 264.27
2071 , 232.24 , -1529.7
2072 , -433.89 , 198.74
2073 , -895.4 , -1517.5
2074 , -393.08 , 237.64
2075 , -83.834 , 370.06
2076 , -205.6 , 224.83
2077 , -227.31 , 192.74
2078 , -913.48 , -1508.7
2079 , -270.69 , 185.15
2080 , -209.83 , 181.1
2081 , -452.14 , 228.86
2082 , -137.29 , 250.32
2083 , -229.37 , 232.84
2084 , -300.21 , 226.27
2085 , -297.16 , 200.74
2086 , 331.98 , -504.63
2087 , -1042.7 , -42.068999999999996
2088 , -148.29 , 151.6
2089 , -921.31 , 131.23
2090 , 330.24 , -621.26
2091 , -1021.7 , 115.1
2092 , -142.53 , 183.41
2093 , -165.04 , 126.56
2094 , -207.64 , 193.53
2095 , 303.06 , -1428.2
2096 , -147.48 , 223.65
2097 , -222.31 , 259.85
2098 , -205.76 , 207.24
2099 , -891.48 , -1517.5
2100 , -162.05 , 247.08
2101 , -1130.1 , -978.61
2102 , -543.68 , 194.24
2103 , -251.34 , 175.24
2104 , -605.17 , 505.94
2105 , -357.21 , 303.88
2106 , -287.4 , 237.96
2107 , -164.64 , 221.27
2108 , 298.51 , -491.83
2109 , -379.87 , 246.27
2110 , -1079.0 , -1250.6
2111 , -202.04 , 145.14
2112 , -183.05 , 167.58
2113 , 66.281 , 290.79
2114 , -1078.9 , -1258.0
2115 , 67.65100000000001 , 295.76
2116 , -148.41 , 244.28
2117 , -292.39 , 276.72
2118 , -1105.5 , -1125.8
2119 , 291.52 , -1502.2
2120 , -557.63 , 182.96
2121 , -299.84 , 236.51
2122 , -213.12 , 190.96
2123 , 86.51299999999999 , -146.33
2124 , -61.782 , 118.88
2125 , -496.28 , 180.97
2126 , -186.68 , 227.47
2127 , -928.47 , -1490.3
2128 , -449.05 , 276.64
2129 , -193.71 , 168.13
2130 , -457.17 , 257.33
2131 , -167.56 , 222.69
2132 , -632.56 , 533.36
2133 , 209.68 , 122.16
2134 , -445.54 , 222.48
2135 , -163.1 , 225.31
2136 , -218.95 , 207.69
2137 , -180.2 , 225.08
2138 , -173.62 , 206.31
2139 , -322.75 , 303.05
2140 , -279.23 , 358.46
2141 , -821.45 , 125.69
2142 , -100.82 , 512.16
2143 , -572.3 , 450.72
2144 , -165.65 , 232.44
2145 , -155.93 , 247.61
2146 , -84.081 , 492.41
2147 , -450.1 , 232.44
2148 , 214.67 , -1541.7
2149 , -90.39200000000001 , 547.35
2150 , -187.65 , 237.91
2151 , 82.355 , 311.86
2152 , -259.72 , 207.66
2153 , -225.77 , 227.51
2154 , -182.57 , 144.95
2155 , -495.26 , 214.31
2156 , -468.57 , 388.83
2157 , -501.17 , 402.04
2158 , 156.2 , 97.713
2159 , -186.46 , 233.58
2160 , -901.98 , -1520.0
2161 , -586.28 , 188.25
2162 , -166.67 , 185.47
2163 , -168.55 , 247.32
2164 , -151.05 , 168.44
2165 , -1017.4 , 96.81299999999999
2166 , 194.78 , -188.38
2167 , -322.77 , 413.14
2168 , -1094.6 , -727.49
2169 , -223.07 , 237.97
2170 , 127.83 , 94.704
2171 , -367.26 , 178.37
2172 , 303.2 , -488.58
2173 , 77.777 , 307.3
2174 , -317.12 , 335.47
2175 , -337.65 , 235.16
2176 , -196.68 , 237.37
2177 , -1036.4 , -1320.8
2178 , -386.78 , 178.43
2179 , 80.72800000000001 , 308.38
2180 , -183.32 , 226.65
2181 , -227.95 , 200.02
2182 , -99.77600000000001 , 493.44
2183 , -203.89 , 215.19
2184 , -1079.4 , 18.958
2185 , -122.92 , 184.99
2186 , -177.04 , 189.38
2187 , 50.769 , 274.57
2188 , -509.77 , 266.8
2189 , -121.64 , 250.05
2190 , -237.64 , 246.14
2191 , -424.19 , 303.38
2192 , -148.17 , 200.06
2193 , -545.55 , 406.83
2194 , -181.61 , 195.48
2195 , -502.24 , 244.67
2196 , 169.96 , -236.4
2197 , -1103.7 , -790.45
2198 , -638.67 , 161.28
2199 , -576.17 , 477.52
2200 , 300.77 , -1477.6
2201 , -374.94 , 176.49
2202 , -228.86 , 213.81
2203 , -96.98700000000001 , 508.59
2204 , 273.12 , -1501.3
2205 , -516.29 , 202.15
2206 , -421.06 , 200.21
2207 , -168.19 , 138.36
2208 , -269.16 , 312.94
2209 , -123.48 , 247.62
2210 , -311.21 , 165.36
2211 , -477.06 , 265.79
2212 , -199.39 , 254.62
2213 , -111.73 , 528.35
2214 , -453.98 , 390.54
2215 , -616.13 , 183.42
2216 , -460.68 , 282.27
2217 , 195.17 , -1513.6
2218 , -146.49 , 209.6
2219 , -466.85 , 239.53
2220 , -199.38 , 230.88
2221 , -214.91 , 234.26
2222 , -224.11 , 254.34
2223 , 209.43 , -1532.1
2224 , -204.81 , 251.79
2225 , 387.87 , -837.57
2226 , 178.43 , -1555.4
2227 , -264.53 , 204.89
2228 , -901.27 , 97.863
2229 , -582.51 , 485.25
2230 , -461.76 , 196.41
2231 , -189.61 , 253.24
2232 , -280.11 , 272.16
2233 , -795.62 , 83.559
2234 , -236.58 , 248.68
2235 , -135.25 , 239.26
2236 , -134.79 , 184.0
2237 , 387.78 , -766.5
2238 , 230.27 , -1504.5
2239 , -147.62 , 284.04
2240 , -527.06 , 198.76
2241 , -335.75 , 285.11
2242 , 224.77 , -1516.6
2243 , -225.15 , 214.36
2244 , -220.16 , 243.78
2245 , -160.41 , 186.39
2246 , -183.48 , 154.43
2247 , -313.81 , 214.54
2248 , 276.35 , -1497.0
2249 , -250.86 , 162.92
2250 , -1071.5 , -1242.6
2251 , -579.73 , 491.86
2252 , -171.28 , 240.9
2253 , 167.69 , -1540.8
2254 , -902.7 , -1515.9
2255 , -548.13 , 181.64
2256 , -380.05 , 280.95
2257 , -188.93 , 274.06
2258 , -82.08 , 123.07
2259 , -160.16 , 214.23
2260 , -142.21 , 157.72
2261 , -93.79700000000001 , 466.6
2262 , 86.741 , 309.22
2263 , -191.84 , 228.22
2264 , -229.21 , 222.49
2265 , -30.991999999999997 , 94.961
2266 , -183.08 , 189.29
2267 , 349.74 , -709.68
2268 , -220.66 , 240.08
2269 , 195.86 , -1567.7
2270 , -78.373 , 528.07
2271 , 53.3 , 285.28
2272 , -320.21 , 360.01
2273 , -639.94 , 170.28
2274 , -522.98 , 170.3
2275 , -155.49 , 236.17
2276 , -355.49 , 167.66
2277 , 188.84 , -1575.1
2278 , -888.07 , 134.03
2279 , -128.01 , 218.92
2280 , -214.77 , 259.42
2281 , -579.05 , 484.71
2282 , 42.928000000000004 , 259.96
2283 , -352.98 , 181.02
2284 , -272.88 , 211.11
2285 , -237.88 , 218.17
2286 , -427.84 , 308.39
2287 , -254.66 , 165.84
2288 , -147.65 , 366.76
2289 , -221.54 , 306.93
2290 , -157.41 , 159.35
2291 , -401.31 , 222.86
2292 , -102.12 , 539.21
2293 , -119.68 , 280.7
2294 , -152.65 , 232.56
2295 , -915.52 , -1512.1
2296 , -300.27 , 277.12
2297 , -327.59 , 308.78
2298 , -95.363 , 518.96
2299 , -286.72 , 313.96
2300 , -587.62 , 279.69
2301 , -620.19 , 503.61
2302 , -231.19 , 198.92
2303 , -389.56 , 178.2
2304 , -366.36 , 201.71
2305 , -305.87 , 229.47
2306 , -171.88 , 230.48
2307 , -886.67 , 106.54
2308 , -1074.1 , 53.081
2309 , -1018.1 , 27.866999999999997
2310 , 325.72 , -484.29
2311 , -826.32 , 129.82
2312 , -314.12 , 342.93
2313 , -1073.2 , -1263.4
2314 , -94.1 , 540.23
2315 , -550.47 , 381.68
2316 , 352.28 , -705.26
2317 , -307.84 , 222.35
2318 , -914.68 , 46.739
2319 , -381.77 , 211.73
2320 , -388.12 , 259.34
2321 , -440.78 , 133.66
2322 , -586.9 , 477.47
2323 , -983.76 , 69.786
2324 , -898.66 , 129.69
2325 , 228.4 , 132.84
2326 , -532.99 , 278.24
2327 , 180.25 , -1559.1
2328 , 183.74 , -1560.8
2329 , -92.514 , 533.38
2330 , -382.22 , 74.824
2331 , -65.41199999999999 , 91.579
2332 , 292.06 , -514.6
2333 , 280.92 , -411.34
2334 , 281.42 , -481.79
2335 , 243.47 , -263.81
2336 , 351.19 , -649.07
2337 , 302.8 , -568.49
2338 , 359.11 , -822.65
2339 , 202.26 , -192.75
2340 , 210.51 , -209.03
2341 , 325.21 , -628.94
2342 , 217.62 , -210.64
2343 , 372.82 , -638.72
2344 , 327.55 , -1233.1
2345 , 191.5 , -234.69
2346 , 185.55 , -109.88
2347 , 288.73 , -1378.8
2348 , 5.6007 , 53.298
2349 , 121.77 , -41.64
2350 , 213.96 , -273.18
2351 , -1045.7 , -55.34
2352 , 332.92 , -587.68
2353 , 233.44 , -247.18
2354 , 193.84 , -200.4
2355 , 105.02 , -34.766
2356 , 226.55 , -249.39
2357 , 371.28 , -652.25
2358 , 272.28 , -343.86
2359 , 312.97 , -452.73
2360 , 288.06 , -496.13
2361 , 333.47 , -642.74
2362 , 306.93 , 108.16
2363 , 260.57 , -409.2
2364 , 162.75 , 29.86
2365 , 341.4 , -584.56
2366 , 221.27 , -274.57
2367 , -1053.5 , -4.8751
2368 , 269.52 , -452.59
2369 , 383.27 , -729.75
2370 , 259.2 , -301.39
2371 , 259.31 , -388.3
2372 , 294.79 , -405.97
2373 , 344.05 , -1139.5
2374 , 361.56 , -905.84
2375 , 240.42 , -328.78
2376 , 322.0 , -635.53
2377 , 173.81 , -48.891000000000005
2378 , 237.23 , -252.68
2379 , 365.98 , -820.35
2380 , 309.4 , -562.26
2381 , 294.87 , -1386.6
2382 , 198.29 , -159.51
2383 , 358.34 , -692.73
2384 , 375.47 , -640.9
2385 , -992.17 , 105.43
2386 , 119.81 , 75.57600000000001
2387 , 237.18 , -261.56
2388 , 225.35 , -232.53
2389 , 364.38 , -615.37
2390 , 384.66 , -716.56
2391 , 308.69 , -568.25
2392 , -960.22 , 100.16
2393 , 230.47 , -231.4
2394 , 322.22 , -593.48
2395 , 254.73 , -401.97
2396 , 239.13 , -287.5
2397 , 364.75 , -608.11
2398 , 262.16 , -414.44
2399 , 348.79 , -682.93
2400 , 380.69 , -705.74
2401 , -27.268 , 166.0
2402 , 291.57 , -382.05
2403 , 364.92 , -888.62
2404 , 313.03 , -576.07
2405 , 290.41 , -425.76
2406 , 346.99 , -1119.1
2407 , 171.96 , -168.49
2408 , 319.57 , -581.94
2409 , 327.69 , -498.44
2410 , 263.95 , -370.74
2411 , 275.39 , -456.84
2412 , 280.09 , -366.94
2413 , 251.64 , -254.04
2414 , 303.55 , -431.2
2415 , 305.73 , -591.08
2416 , 182.43 , -165.62
2417 , 225.9 , -309.36
2418 , 238.02 , -223.82
2419 , 201.79 , -180.53
2420 , 164.8 , -45.271
2421 , 341.54 , -674.11
2422 , 208.72 , -113.9
2423 , 326.41 , -524.94
2424 , -954.83 , 82.155
2425 , 343.46 , -700.03
2426 , -10.762 , 57.166000000000004
2427 , 235.04 , -266.19
2428 , 113.24 , -77.118
2429 , 168.74 , 37.534
2430 , 333.04 , -651.27
2431 , 294.99 , -1384.7
2432 , 301.4 , -425.49
2433 , 346.46 , -647.71
2434 , 95.78399999999999 , 15.75
2435 , 321.05 , -542.36
2436 , 340.14 , -687.32
2437 , 235.56 , 44.56100000000001
2438 , 19.811 , 21.58
2439 , 256.79 , -338.08
2440 , -1045.7 , 30.436
2441 , 275.33 , -368.64
2442 , 353.6 , -570.39
2443 , 271.95 , -335.93
2444 , -932.89 , 94.53299999999999
2445 , 246.99 , -288.73
2446 , 272.47 , -332.89
2447 , 355.59 , -830.3
2448 , 369.42 , -687.67
2449 , 310.59 , -427.93
2450 , -1069.6 , 62.93600000000001
2451 , -1075.1 , 11.880999999999998
2452 , -1074.3 , -19.422
2453 , 108.87 , 107.09
2454 , -1003.8 , 87.436
2455 , -1000.6 , 111.78
2456 , -1028.0 , 49.81399999999999
2457 , 388.62 , -824.47
2458 , 180.23 , -212.03
2459 , 343.08 , 99.609
2460 , 253.37 , -387.4
2461 , 190.06 , 48.288000000000004
2462 , 240.65 , -210.32
2463 , 261.33 , -294.57
2464 , 200.31 , -170.9
2465 , 210.18 , -218.36
2466 , 285.77 , -388.38
2467 , 349.61 , -591.66
2468 , 350.11 , -551.56
2469 , 225.76 , -291.36
2470 , -505.18 , 405.27
2471 , 249.97 , -305.16
2472 , 276.31 , -341.67
2473 , 339.57 , -542.85
2474 , 195.5 , 31.758000000000003
2475 , 135.17 , 66.719
2476 , -1069.2 , -109.2
2477 , 174.41 , -7.6052
2478 , 392.94 , -799.63
2479 , 384.49 , -702.32
2480 , 170.47 , -181.88
2481 , 215.59 , 49.93
2482 , 365.35 , -647.17
2483 , 195.41 , -162.07
2484 , 324.13 , -498.98
2485 , 169.07 , -164.08
2486 , 386.1 , -748.37
2487 , 362.16 , -843.2
2488 , -1078.7 , 41.378
2489 , 225.46 , -296.04
2490 , 299.86 , -411.11
2491 , 329.99 , 121.91
2492 , 233.53 , -331.8
2493 , 358.35 , -597.46
2494 , 327.2 , -500.69
2495 , -1076.9 , -155.26
2496 , 207.27 , -227.38
2497 , -834.86 , 125.42
2498 , 15.323 , -15.21
2499 , -907.69 , 120.69
2500 , 318.16 , -590.34
2501 , 183.79 , 20.784000000000002
2502 , 281.14 , -1403.4
2503 , 163.17 , -118.87
2504 , -1027.6 , 30.68
2505 , -1067.1 , -28.96
2506 , 206.62 , -247.73
2507 , 333.59 , -542.02
2508 , 84.26700000000001 , -8.9909
2509 , 86.25 , 89.786
2510 , 262.1 , -340.07
2511 , -963.26 , 94.656
2512 , -1070.2 , 68.992
2513 , 231.03 , -262.73
2514 , -1042.9 , -64.658
2515 , 32.904 , -35.058
2516 , 311.86 , -543.38
2517 , 338.86 , -1210.2
2518 , 152.71 , -130.99
2519 , 322.71 , 120.88
2520 , -1003.9 , 107.5
2521 , -911.45 , 100.96
2522 , 174.92 , -61.004
2523 , -1049.1 , -2.4406
2524 , -933.43 , 83.285
2525 , 163.47 , 23.608
2526 , -1046.5 , 13.095
2527 , 369.92 , -1042.5
2528 , -1064.0 , 44.668
2529 , 364.26 , -1072.5
2530 , -989.56 , 64.795
2531 , 322.72 , -482.68
2532 , 330.66 , -1261.6
2533 , 361.21 , -662.31
2534 , 102.01 , -37.288000000000004
2535 , -976.3 , 97.302
2536 , -1051.9 , 49.286
2537 , -1010.0 , 107.22
2538 , -890.81 , -1522.7
2539 , 332.9 , -489.2
2540 , 382.98 , -683.22
2541 , 333.73 , -1205.3
2542 , 390.89 , -807.45
2543 , -1084.7 , 10.876
2544 , 114.33 , 86.459
2545 , -934.76 , 139.5
2546 , -858.82 , 115.53
2547 , 303.04 , -407.4
2548 , 348.5 , 107.9
2549 , 268.47 , -351.84
2550 , -1051.2 , -18.094
2551 , 263.91 , -423.98
2552 , 350.65 , -580.02
2553 , -1035.3 , 86.708
2554 , 364.31 , -1049.1
2555 , -1069.0 , 23.695
2556 , -1086.0 , -20.261
2557 , 272.55 , -1491.0
2558 , -1040.4 , 52.251999999999995
2559 , -1002.5 , 65.736
2560 , -1033.9 , 108.4
2561 , -917.11 , 118.3
2562 , -976.35 , 72.258
2563 , -1062.6 , 88.251
2564 , 332.31 , -669.94
2565 , -1020.9 , 69.318
2566 , -782.42 , 137.56
2567 , -971.12 , 73.32300000000001
2568 , 382.7 , -824.46
2569 , 312.37 , 111.71
2570 , 134.12 , -107.53
2571 , -952.46 , 104.15
2572 , -985.92 , 61.213
2573 , -1046.8 , 55.632
2574 , 329.59 , -587.76
2575 , -1086.1 , 34.13
2576 , 318.45 , -1279.6
2577 , 91.147 , -73.683
2578 , -869.3 , 126.2
2579 , -1044.6 , 44.927
2580 , -990.12 , 82.92399999999999
2581 , 246.55 , -274.72
2582 , -1070.1 , -22.476999999999997
2583 , -1064.1 , 60.453
2584 , -831.14 , 120.72
2585 , -1066.0 , 34.202
2586 , -1012.4 , 41.693999999999996
2587 , 335.06 , -534.13
2588 , 166.6 , 44.8
2589 , 296.84 , -1450.3
2590 , 381.92 , -710.77
2591 , 347.15 , -542.18
2592 , -835.48 , 121.62
2593 , -958.49 , 107.07
2594 , 383.6 , -707.79
2595 , -999.63 , 30.366
2596 , -183.02 , 171.02
2597 , 298.07 , -471.05
2598 , -946.3 , 111.96
2599 , 295.9 , -1439.0
2600 , 327.71 , -468.88
2601 , -1067.8 , 83.81200000000001
2602 , -1076.9 , -186.52
2603 , 304.46 , -552.3
2604 , 176.34 , -203.81
2605 , 372.59 , -1015.3
2606 , 375.69 , -710.67
2607 , 316.37 , -461.47
2608 , 18.218 , 40.542
2609 , 312.86 , 118.17
2610 , 199.31 , -172.11
2611 , 235.71 , -336.68
2612 , -1063.0 , -5.2668
2613 , -1064.6 , 63.071999999999996
2614 , 256.45 , -332.14
2615 , 124.95 , -75.044
2616 , 385.2 , -756.32
2617 , 308.28 , -423.77
2618 , 298.9 , -533.94
2619 , 393.98 , -811.86
2620 , 360.86 , -596.45
2621 , 238.21 , 79.347
2622 , -1029.3 , 109.4
2623 , -29.224 , 73.168
2624 , -899.39 , 114.5
2625 , 245.63 , -303.71
2626 , -1024.3 , 3.3810000000000002
2627 , -1085.8 , -7.9175
2628 , 372.53 , -618.7
2629 , -1012.3 , 67.048
2630 , -902.42 , 125.56
2631 , 232.22 , 42.02
2632 , 276.08 , -329.85
2633 , -1008.0 , 114.24
2634 , -945.54 , 98.14200000000001
2635 , 309.5 , -1374.7
2636 , 393.35 , -850.67
2637 , 338.67 , -1182.1
2638 , 308.88 , -444.09
2639 , -932.49 , 142.34
2640 , 157.48 , 19.93
2641 , 7.8553 , 104.5
2642 , -1072.4 , -24.179000000000002
2643 , 262.38 , 83.641
2644 , -1020.0 , 99.863
2645 , -107.83 , 353.73
2646 , 3.0693 , 42.924
2647 , 307.18 , -1395.2
2648 , 236.47 , -219.42
2649 , -1017.5 , 46.876000000000005
2650 , -998.07 , 71.578
2651 , -1017.0 , 53.049
2652 , -869.32 , 108.13
2653 , -1001.1 , 73.251
2654 , 280.89 , -1494.3
2655 , -1095.3 , -475.58
2656 , -1092.0 , -10.853
2657 , 297.48 , -1421.8
2658 , 300.28 , -1421.9
2659 , -1072.6 , 73.993
2660 , 379.92 , -672.24
2661 , -778.66 , 148.49
2662 , -1096.0 , -742.74
2663 , -1012.6 , 97.33200000000001
2664 , -905.54 , 100.44
2665 , -907.66 , 111.06
2666 , -997.82 , 58.488
2667 , 150.93 , -145.22
2668 , -1045.9 , 91.53200000000001
2669 , 170.49 , 42.451
2670 , -922.55 , 137.74
2671 , -994.98 , 45.478
2672 , -1039.3 , 55.63399999999999
2673 , -153.12 , 143.34
2674 , 381.47 , -676.63
2675 , -909.35 , 143.43
2676 , -978.75 , 103.62
2677 , -1064.1 , 20.579
2678 , 364.47 , -641.9
2679 , 160.28 , -168.52
2680 , 317.46 , -600.42
2681 , 184.16 , 74.837
2682 , -1110.8 , -837.95
2683 , -1067.8 , -68.47399999999999
2684 , -1073.1 , 11.62
2685 , -921.1 , 101.36
2686 , 32.939 , 42.493
2687 , 193.72 , -175.16
2688 , -906.11 , 124.32
2689 , -1017.6 , 65.543
2690 , 106.17 , -93.23700000000001
2691 , 274.01 , -1477.8
2692 , -776.6 , 143.05
2693 , 243.7 , -220.18
2694 , -812.89 , 146.22
2695 , 228.15 , 70.86399999999999
2696 , -320.48 , 373.93
2697 , -848.08 , 131.6
2698 , -1053.3 , -77.333
2699 , 288.83 , -536.45
2700 , -1057.3 , -92.101
2701 , -445.72 , 344.02
2702 , 288.86 , 97.633
2703 , -1045.5 , 69.598
2704 , 268.95 , -344.57
2705 , -223.0 , 171.13
2706 , 330.52 , -1248.3
2707 , -1028.0 , 62.75
2708 , 366.8 , -599.37
2709 , -1068.1 , 64.82
2710 , -1071.4 , -6.858
2711 , -1080.0 , -20.862
2712 , -1057.6 , 92.564
2713 , -915.14 , 129.57
2714 , 349.71 , -659.84
2715 , -1070.0 , -1251.4
2716 , 309.46 , -592.94
2717 , 313.77 , -1289.1
2718 , 358.65 , -594.86
2719 , -916.53 , 132.46
2720 , -730.34 , 158.13
2721 , -1053.0 , -68.119
2722 , 360.23 , -597.01
2723 , 374.06 , -625.79
2724 , -981.67 , 100.31
2725 , -1005.3 , 85.62899999999999
2726 , -872.95 , 124.35
2727 , -1031.5 , 81.756
2728 , -762.05 , 150.89
2729 , -42.403999999999996 , 106.61
2730 , 385.79 , -830.0
2731 , -1056.3 , 29.011999999999997
2732 , -219.43 , 177.89
2733 , 195.22 , -186.68
2734 , -944.17 , 100.62
2735 , -114.82 , 119.98
2736 , -973.47 , 109.37
2737 , 217.37 , -152.74
2738 , 265.27 , -1489.9
2739 , -96.557 , 412.21
2740 , -1045.3 , 101.1
2741 , 245.64 , -231.86
2742 , -917.2 , 137.78
2743 , -1048.1 , -46.477
2744 , -1014.7 , 115.65
2745 , -911.49 , 120.33
2746 , 217.85 , -218.08
2747 , -1060.8 , 52.601000000000006
2748 , -1017.8 , 70.557
2749 , -1056.2 , -61.606
2750 , 398.88 , -835.63
2751 , -1037.4 , 72.28
2752 , -1037.3 , 54.092
2753 , 217.55 , -253.41
2754 , 276.42 , -384.96
2755 , -1074.0 , -1.3425
2756 , -873.09 , 115.9
2757 , -1112.7 , -1046.8
2758 , 349.05 , -523.37
2759 , -1019.1 , 87.24
2760 , -1023.9 , 81.807
2761 , 132.06 , 64.611
2762 , -1066.5 , -84.365
2763 , 351.2 , -696.55
2764 , -1071.4 , 41.303000000000004
2765 , -1038.5 , 22.01
2766 , 109.12 , 71.046
2767 , 100.84 , -68.493
2768 , 319.16 , -632.19
2769 , 127.63 , -99.535
2770 , 329.56 , 124.92
2771 , -995.36 , 32.899
2772 , 284.46 , -1499.6
2773 , 356.6 , -608.71
2774 , -964.18 , 96.429
2775 , 60.918 , -46.321000000000005
2776 , -179.7 , 179.89
2777 , -1098.5 , -733.66
2778 , -627.63 , 170.04
2779 , 130.74 , 32.433
2780 , -241.8 , 169.28
2781 , -1000.5 , 58.494
2782 , -921.74 , 103.89
2783 , -920.2 , 114.96
2784 , 241.44 , -1493.8
2785 , -940.34 , 138.4
2786 , -1032.0 , -62.852
2787 , -948.79 , 131.54
2788 , -180.77 , 154.35
2789 , -1061.6 , -71.786
2790 , 295.01 , -488.28
2791 , -1053.0 , 33.968
2792 , -356.96 , 186.75
2793 , -826.52 , 144.54
2794 , 133.82 , -78.16
2795 , -722.03 , 152.65
2796 , 236.33 , -247.17
2797 , -926.52 , 123.85
2798 , -1061.7 , -13.998
2799 , -1053.6 , 109.35
2800 , -992.88 , 87.66799999999999
2801 , 228.85 , -243.32
2802 , -896.81 , 90.17299999999999
2803 , -952.9 , 124.9
2804 , 93.631 , -93.07799999999999
2805 , -944.36 , 123.38
2806 , -54.449 , 83.851
2807 , -1056.6 , 8.2658
2808 , 275.64 , -468.87
2809 , 66.53 , -63.211999999999996
2810 , -944.02 , 127.32
2811 , -1002.3 , 120.92
2812 , -202.09 , 156.42
2813 , 165.14 , -125.13
2814 , -1047.8 , -62.835
2815 , -1055.5 , 22.005
2816 , 196.83 , -105.15
2817 , -1023.5 , 111.43
2818 , -1007.7 , 101.66
2819 , 180.49 , -235.56
2820 , -1043.0 , -12.213
2821 , 58.746 , 42.906000000000006
2822 , 397.59 , -848.96
2823 , -872.23 , 130.51
2824 , -395.18 , 268.14
2825 , 112.32 , -47.638000000000005
2826 , -930.36 , 131.24
2827 , -1016.7 , 104.46
2828 , -1062.9 , 72.818
2829 , -1044.3 , 97.491
2830 , -896.39 , 125.06
2831 , 373.03 , -748.31
2832 , 91.764 , -3.5522
2833 , -957.76 , 71.375
2834 , 181.34 , -184.23
2835 , -1046.6 , -6.9443
2836 , -314.72 , 334.94
2837 , 343.39 , -686.75
2838 , 227.74 , -224.89
2839 , -1034.5 , 88.213
2840 , 295.21 , -1361.6
2841 , 249.97 , -1462.1
2842 , -896.53 , 117.03
2843 , -1071.9 , 51.75
2844 , -950.01 , 108.23
2845 , -1012.8 , 71.304
2846 , -1060.4 , 57.004
2847 , -1068.2 , -32.12
2848 , -1100.9 , -623.46
2849 , -915.76 , 85.819
2850 , 294.09 , -1474.7
2851 , -802.99 , 149.47
2852 , 86.52 , 58.129
2853 , -100.28 , 90.098
2854 , -958.28 , 68.99600000000001
2855 , -655.68 , 170.26
2856 , -880.31 , 130.07
2857 , -883.03 , 132.79
2858 , -1051.4 , -68.953
2859 , 298.59 , -544.36
2860 , 247.91 , 73.42
2861 , 312.46 , -621.49
2862 , -1004.5 , 94.389
2863 , -927.21 , 131.7
2864 , 292.58 , -1489.2
2865 , 339.19 , -710.7
2866 , -1068.5 , 61.835
2867 , -1065.6 , -43.453
2868 , -963.56 , 77.735
2869 , -1086.1 , 50.396
2870 , -876.86 , 122.51
2871 , -1039.4 , -39.135
2872 , -984.54 , 115.74
2873 , 365.21 , -1035.0
2874 , -93.605 , 56.983999999999995
2875 , -892.24 , 133.2
2876 , -976.28 , 57.38
2877 , -768.87 , 150.26
2878 , -226.46 , 163.5
2879 , 364.46 , -618.73
2880 , 198.56 , -31.549
2881 , -1031.7 , 20.555
2882 , -1071.8 , 66.51899999999999
2883 , -1017.4 , 32.918
2884 , 356.78 , -603.08
2885 , -204.14 , 163.53
2886 , 255.52 , -273.33
2887 , -920.3 , 139.67
2888 , -867.06 , 113.36
2889 , -1060.3 , -61.278999999999996
2890 , -1048.2 , 61.494
2891 , -909.16 , 127.28
2892 , -136.67 , 123.39
2893 , -1026.1 , 68.293
2894 , 362.9 , -693.83
2895 , -1091.9 , -1247.4
2896 , -895.17 , 138.07
2897 , -148.12 , 143.45
2898 , 394.39 , -866.89
2899 , -125.07 , 150.41
2900 , -844.45 , 109.54
2901 , 277.58 , -1488.8
2902 , -155.77 , 120.65
2903 , 289.58 , -1466.4
2904 , -1090.5 , -1244.8
2905 , 200.2 , 112.17
2906 , 374.7 , -981.29
2907 , -1123.2 , -953.2
2908 , 316.12 , 116.1
2909 , -1075.7 , 81.11
2910 , -1018.3 , 85.07700000000001
2911 , -979.74 , 124.83
2912 , 170.09 , 36.117
2913 , -903.58 , 79.105
2914 , -992.01 , 93.804
2915 , -1043.9 , -44.46
2916 , 231.47 , 62.122
2917 , 258.76 , -1508.5
2918 , 251.6 , -1494.6
2919 , -156.43 , 180.49
2920 , -194.09 , 207.07
2921 , -1071.9 , 31.57
2922 , -1093.1 , -1201.7
2923 , -1082.0 , 13.359000000000002
2924 , -1080.8 , -4.7153
2925 , -51.595 , 36.813
2926 , -962.66 , 138.03
2927 , 60.781000000000006 , -25.163
2928 , -1035.1 , 69.2
2929 , -1015.5 , 85.60799999999999
2930 , 343.92 , -550.61
2931 , -39.012 , 65.354
2932 , -881.7 , 113.27
2933 , -1071.1 , 26.031999999999996
2934 , -956.92 , 109.29
2935 , 268.56 , -1499.6
2936 , -1010.4 , 119.93
2937 , -992.19 , 100.74
2938 , -1055.8 , 52.538000000000004
2939 , 214.76 , -1537.0
2940 , -319.16 , 441.86
2941 , -312.75 , 241.66
2942 , -876.51 , 124.7
2943 , -860.42 , 109.15
2944 , -1062.4 , 66.35300000000001
2945 , -141.43 , 228.51
2946 , -125.52 , 147.88
2947 , 381.53 , -659.41
2948 , 394.19 , -806.63
2949 , -164.14 , 185.77
2950 , -1090.9 , -307.1
2951 , 326.36 , -464.71
2952 , -897.01 , -1513.0
2953 , 157.88 , -0.45563000000000003
2954 , 295.12 , -1456.6
2955 , -970.83 , 117.06
2956 , -949.23 , 125.62
2957 , -447.09 , 342.18
2958 , -1030.6 , 86.05
2959 , -923.25 , 120.64
2960 , -914.93 , 146.87
2961 , 231.07 , -203.87
2962 , -1102.1 , -744.05
2963 , 348.24 , -605.62
2964 , 290.15 , 105.04
2965 , -956.3 , 79.842
2966 , -899.17 , 146.08
2967 , -176.42 , 180.75
2968 , -885.79 , 157.15
2969 , -190.99 , 189.42
2970 , -1030.9 , 27.393
2971 , -40.981 , 48.637
2972 , -148.38 , 162.3
2973 , -899.16 , -1517.1
2974 , -995.77 , 123.19
2975 , 292.09 , -1447.4
2976 , -915.05 , 101.49
2977 , -953.93 , 147.94
2978 , -440.27 , 198.4
2979 , 394.03 , -815.06
2980 , -1087.0 , -250.65
2981 , -927.01 , -1482.1
2982 , -968.57 , 142.36
2983 , -1027.7 , 59.03
2984 , 168.77 , -173.37
2985 , -1099.4 , -467.7
2986 , -945.41 , 131.59
2987 , -909.81 , 146.33
2988 , 291.91 , -499.13
2989 , -1049.1 , 93.095
2990 , -154.58 , 162.23
2991 , -178.34 , 202.97
2992 , -1068.2 , -140.3
2993 , -1066.2 , 6.4765
2994 , 107.8 , -87.32600000000001
2995 , -90.882 , 507.03
2996 , -995.36 , 79.959
2997 , -951.65 , 73.044
2998 , -14.370999999999999 , 79.762
2999 , 109.39 , 76.521
3000 , -433.82 , 272.07
3001 , 338.32 , 110.22
3002 , -1118.8 , -956.77
3003 , -995.61 , 84.19200000000001
3004 , -715.25 , 155.96
3005 , -193.14 , 145.27
3006 , -893.95 , 134.6
3007 , -1031.6 , 108.75
3008 , -974.15 , 87.5
3009 , -99.579 , 471.04
3010 , -571.08 , 186.54
3011 , -506.35 , 409.02
3012 , 341.37 , -647.73
3013 , -1047.1 , 100.44
3014 , -200.42 , 210.47
3015 , -134.09 , 211.74
3016 , 241.15 , -248.08
3017 , -746.9 , 154.01
3018 , -1094.7 , -452.57
3019 , 251.56 , -1469.9
3020 , -1060.2 , -55.675
3021 , -244.14 , 173.46
3022 , 394.04 , -862.33
3023 , -1077.7 , -1230.8
3024 , -400.1 , 301.15
3025 , -1090.9 , 17.757
3026 , -866.12 , 106.39
3027 , -1039.4 , 31.691
3028 , -329.46 , 197.93
3029 , -895.67 , 94.061
3030 , -1081.5 , -1246.5
3031 , 259.71 , -355.7
3032 , 334.9 , -607.91
3033 , -871.37 , 108.86
3034 , -1018.7 , -16.35
3035 , -901.56 , -1512.9
3036 , -1102.7 , -768.37
3037 , -846.47 , 111.31
3038 , -1016.7 , 87.635
3039 , -1061.6 , 77.973
3040 , -1031.1 , 105.62
3041 , -809.09 , 143.91
3042 , -1072.5 , -131.11
3043 , -171.0 , 174.4
3044 , 231.36 , -249.24
3045 , -955.09 , 96.435
3046 , -1107.5 , -774.46
3047 , -1012.1 , 46.721000000000004
3048 , -1010.4 , 92.568
3049 , 268.76 , -326.21
3050 , -326.4 , 547.96
3051 , -525.93 , 418.05
3052 , -1084.3 , -10.876
3053 , 336.0 , -586.01
3054 , -243.91 , 140.52
3055 , -22.53 , 66.559
3056 , -1048.6 , 89.564
3057 , -1046.1 , -47.553999999999995
3058 , -544.42 , 438.18
3059 , -54.744 , 114.61
3060 , 364.13 , -611.1
3061 , 24.454 , 15.637
3062 , -209.02 , 219.53
3063 , -1098.0 , -751.69
3064 , -183.59 , 210.14
3065 , -934.82 , 99.124
3066 , -139.53 , 149.34
3067 , 204.71 , -173.35
3068 , -839.9 , 83.12100000000001
3069 , -101.01 , 505.87
3070 , -332.43 , 245.09
3071 , -1065.3 , -95.583
3072 , -142.3 , 223.97
3073 , 245.67 , -1497.6
3074 , -1059.3 , -1277.5
3075 , -217.87 , 194.65
3076 , -1055.3 , -29.511999999999997
3077 , 233.71 , 96.82
3078 , -1098.0 , -730.99
3079 , -227.68 , 153.26
3080 , -397.6 , 209.32
3081 , -932.02 , 134.19
3082 , -902.89 , 112.07
3083 , -948.93 , 115.91
3084 , -1086.2 , 66.51
3085 , -314.52 , 442.78
3086 , -89.611 , 461.3
3087 , -131.43 , 174.46
3088 , 347.55 , -714.21
3089 , -897.94 , 132.11
3090 , -1086.7 , -220.51
3091 , 336.25 , -663.75
3092 , 287.54 , -1466.1
3093 , -1004.8 , 81.006
3094 , -935.47 , 113.43
3095 , 277.22 , -1492.7
3096 , 129.74 , -138.86
3097 , -937.84 , 104.63
3098 , -185.92 , 174.07
3099 , -493.94 , 360.48
3100 , -102.77 , 157.48
3101 , 367.45 , -1062.0
3102 , -1091.0 , 58.461000000000006
3103 , -342.83 , 197.3
3104 , -704.51 , 165.08
3105 , -1108.0 , -814.22
3106 , -1113.3 , -1061.7
3107 , -966.14 , 116.13
3108 , 250.66 , -1491.7
3109 , -418.42 , 171.75
3110 , -203.06 , 168.38
3111 , -839.11 , 114.83
3112 , -159.17 , 148.71
3113 , 350.3 , -544.38
3114 , -176.59 , 203.16
3115 , 190.22 , -220.95
3116 , 51.076 , 281.92
3117 , 360.48 , -1100.8
3118 , 189.4 , 123.75
3119 , -614.28 , 176.13
3120 , -665.32 , 183.27
3121 , -247.33 , 243.44
3122 , -123.64 , 213.75
3123 , 291.61 , -1497.2
3124 , -1079.4 , -31.763
3125 , -290.97 , 226.0
3126 , 168.63 , -159.99
3127 , -197.32 , 219.34
3128 , -883.43 , 110.42
3129 , -99.28299999999999 , 496.14
3130 , -309.61 , 449.08
3131 , -105.11 , 500.09
3132 , -1071.6 , 23.026
3133 , -122.93 , 119.43
3134 , -91.98899999999999 , 160.1
3135 , -199.34 , 172.89
3136 , -1009.3 , 40.056
3137 , 374.14 , -623.04
3138 , -1056.7 , 87.98899999999999
3139 , -148.31 , 165.63
3140 , -1049.4 , 55.505
3141 , 240.3 , -1500.1
3142 , -146.54 , 129.75
3143 , -106.73 , 525.05
3144 , -271.63 , 247.17
3145 , -1006.8 , -1364.6
3146 , 369.02 , -615.15
3147 , -555.65 , 449.01
3148 , -172.45 , 195.44
3149 , -185.03 , 195.26
3150 , -979.42 , 68.132
3151 , 256.06 , -416.21
3152 , -348.85 , 201.7
3153 , -93.896 , 130.7
3154 , 75.801 , 299.5
3155 , -1053.6 , -50.306999999999995
3156 , -732.41 , 160.17
3157 , -385.19 , 198.41
3158 , -200.74 , 159.74
3159 , -912.4 , 99.34299999999999
3160 , -976.78 , 90.53200000000001
3161 , -613.69 , 177.89
3162 , -92.43799999999999 , 517.15
3163 , 350.92 , -1119.9
3164 , -1100.7 , -736.71
3165 , -1125.4 , -964.85
3166 , -362.43 , 205.13
3167 , -107.64 , 125.02
3168 , -223.98 , 222.51
3169 , -949.22 , -1456.6
3170 , -89.399 , 478.72
3171 , 46.85 , 271.63
3172 , -569.89 , 468.03
3173 , 194.9 , -1559.8
3174 , -218.45 , 181.56
3175 , -919.95 , -1499.6
3176 , -519.67 , 210.7
3177 , -175.64 , 148.76
3178 , -1036.5 , 46.948
3179 , 349.59 , -571.22
3180 , -217.48 , 160.06
3181 , -238.63 , 171.2
3182 , -88.725 , 499.26
3183 , -1096.1 , -747.47
3184 , -224.1 , 166.13
3185 , -187.96 , 175.15
3186 , -684.5 , 166.66
3187 , -487.15 , 220.9
3188 , -892.37 , -1523.1
3189 , -1123.6 , -968.95
3190 , -972.64 , 98.305
3191 , -718.2 , 145.79
3192 , -93.516 , 497.26
3193 , -946.54 , 75.243
3194 , -1059.9 , 2.2917
3195 , -891.46 , -1519.2
3196 , -198.27 , 151.57
3197 , 330.17 , -531.25
3198 , -897.17 , -1514.7
3199 , -300.24 , 304.45
3200 , -194.72 , 227.37
3201 , 169.55 , -123.35
3202 , -1007.6 , 75.344
3203 , -649.26 , 170.72
3204 , -802.42 , 125.64
3205 , -86.429 , 496.8
3206 , -391.87 , 181.64
3207 , -226.33 , 151.84
3208 , -342.72 , 225.56
3209 , -1007.0 , 63.18
3210 , 314.07 , 110.85
3211 , -809.1 , 129.81
3212 , -158.33 , 132.2
3213 , -925.18 , -1492.0
3214 , 371.32 , -694.9
3215 , -322.02 , 510.14
3216 , -1013.1 , 62.551
3217 , -106.55 , 503.76
3218 , -183.34 , 160.82
3219 , -98.24799999999999 , 499.29
3220 , -218.29 , 218.27
3221 , 300.04 , -1458.1
3222 , -217.55 , 192.74
3223 , -166.61 , 193.92
3224 , -1075.6 , -32.513000000000005
3225 , -992.87 , 63.618
3226 , -1054.4 , -1274.2
3227 , -293.34 , 384.59
3228 , -1085.7 , -1233.7
3229 , -166.23 , 228.71
3230 , -1119.0 , -909.88
3231 , -29.111 , 108.25
3232 , -275.72 , 188.61
3233 , -1091.1 , 74.58800000000001
3234 , 211.88 , -1537.1
3235 , -878.17 , 138.42
3236 , -158.07 , 145.11
3237 , -216.82 , 149.32
3238 , -150.1 , 157.98
3239 , 34.911 , 258.76
3240 , -318.83 , 472.64
3241 , -86.46600000000001 , 518.38
3242 , -81.32300000000001 , 514.4
3243 , -909.98 , 151.4
3244 , -1070.3 , 11.739
3245 , -329.13 , 638.03
3246 , -90.708 , 495.97
3247 , -261.3 , 279.58
3248 , -188.08 , 183.51
3249 , -197.19 , 191.52
3250 , -1095.6 , -717.61
3251 , -216.42 , 212.16
3252 , 203.66 , -1550.0
3253 , -95.772 , 502.31
3254 , -161.69 , 155.83
3255 , -603.59 , 182.48
3256 , 277.29 , 73.531
3257 , -113.42 , 131.69
3258 , -311.75 , 230.71
3259 , 322.07 , 129.82
3260 , -986.74 , 69.28399999999999
3261 , -436.43 , 211.39
3262 , -1080.8 , -50.742
3263 , -338.51 , 188.24
3264 , -743.63 , 155.1
3265 , -163.06 , 164.87
3266 , -929.98 , 147.67
3267 , 362.22 , -619.42
3268 , -937.12 , 146.32
3269 , -443.27 , 220.97
3270 , -280.06 , 185.23
3271 , -625.52 , 179.42
3272 , -583.46 , 175.83
3273 , 253.02 , 123.79
3274 , -989.31 , 43.016000000000005
3275 , -85.93 , 494.42
3276 , -1095.0 , -733.32
3277 , -203.78 , 219.43
3278 , -1017.0 , 125.03
3279 , -893.96 , -1515.2
3280 , -2.0591 , 73.35600000000001
3281 , 77.62 , 303.19
3282 , -313.8 , 431.08
3283 , -990.06 , 123.31
3284 , -873.36 , 152.36
3285 , -603.26 , 507.63
3286 , -253.05 , 201.59
3287 , -284.22 , 242.6
3288 , 286.02 , -1505.3
3289 , 209.19 , -1537.1
3290 , -1074.4 , -127.59
3291 , -310.22 , 275.2
3292 , -1048.5 , -80.22399999999999
3293 , -325.33 , 571.21
3294 , -1077.8 , 53.263999999999996
3295 , -601.17 , 192.83
3296 , -86.959 , 520.26
3297 , -551.85 , 184.52
3298 , -1079.8 , -1230.4
3299 , -1021.5 , 101.38
3300 , -175.22 , 225.42
3301 , -948.84 , 65.766
3302 , 202.94 , -271.4
3303 , 213.16 , 117.53
3304 , -565.0 , 194.39
3305 , -482.79 , 193.53
3306 , -1030.5 , 75.061
3307 , -1049.4 , 41.549
3308 , -1003.6 , 52.869
3309 , -184.28 , 181.62
3310 , -1097.4 , -533.21
3311 , -855.8 , 108.44
3312 , -1095.2 , -1241.8
3313 , -82.6 , 512.0
3314 , -214.68 , 231.98
3315 , -1029.0 , 53.883
3316 , -987.93 , -1395.0
3317 , -261.25 , 194.09
3318 , -166.41 , 196.3
3319 , -142.0 , -6.2736
3320 , 103.09 , 41.735
3321 , -1038.7 , 83.03299999999999
3322 , -646.21 , 174.9
3323 , -141.9 , 172.66
3324 , 261.41 , -1460.7
3325 , 40.993 , 261.25
3326 , -97.16 , 439.81
3327 , -143.32 , 197.99
3328 , -887.92 , 117.06
3329 , 193.68 , -1553.9
3330 , -155.9 , 230.03
3331 , 202.43 , -217.6
3332 , -507.39 , 196.58
3333 , 279.07 , -1449.9
3334 , -88.921 , 544.19
3335 , -224.77 , 211.2
3336 , -256.67 , 239.9
3337 , -179.33 , 195.06
3338 , 360.28 , -864.4
3339 , 338.93 , -1171.2
3340 , -108.44 , 401.58
3341 , 69.686 , 299.37
3342 , -380.77 , 215.67
3343 , -1022.0 , 64.72
3344 , -898.4 , -1520.1
3345 , -158.54 , 234.25
3346 , -305.37 , 232.85
3347 , -392.7 , 233.6
3348 , -118.23 , 168.17
3349 , -222.58 , 203.38
3350 , 281.88 , 78.533
3351 , 124.09 , 37.114000000000004
3352 , -969.01 , 136.49
3353 , -586.87 , 493.04
3354 , -107.28 , 166.28
3355 , -1070.7 , -65.48100000000001
3356 , -165.61 , 200.76
3357 , -1063.9 , 32.952
3358 , -108.12 , 518.84
3359 , -182.81 , 214.34
3360 , -248.25 , 213.78
3361 , 218.11 , -1541.4
3362 , 233.27 , -1505.3
3363 , 343.01 , -523.34
3364 , 214.41 , -1467.8
3365 , -776.29 , 139.49
3366 , -261.3 , 242.89
3367 , -192.4 , 200.09
3368 , 268.84 , -442.87
3369 , -196.08 , 157.41
3370 , -162.76 , 232.79
3371 , -902.41 , 105.12
3372 , -974.47 , 118.27
3373 , -267.86 , 266.42
3374 , -314.77 , 217.97
3375 , -1120.0 , -972.89
3376 , -211.0 , 215.89
3377 , 348.55 , -530.95
3378 , -324.31 , 278.9
3379 , -657.91 , 170.95
3380 , -150.71 , 61.812
3381 , -412.84 , 213.21
3382 , -323.09 , 495.92
3383 , -161.32 , 222.58
3384 , -221.03 , 219.97
3385 , 191.84 , -122.62
3386 , 213.29 , 137.05
3387 , -1009.5 , 23.342
3388 , -1116.1 , -857.69
3389 , -1112.6 , -1070.1
3390 , -134.04 , 233.3
3391 , -904.5 , -1512.1
3392 , 42.952 , 71.804
3393 , -604.37 , 180.33
3394 , 186.73 , -1564.1
3395 , 187.51 , -1567.0
3396 , -306.94 , 162.9
3397 , 294.87 , -1492.1
3398 , 124.59 , 7.2234
3399 , -1051.3 , -5.8586
3400 , -250.94 , 246.39
3401 , -67.863 , -52.409
3402 , -325.15 , 542.99
3403 , 241.88 , -1489.1
3404 , -381.81 , 207.54
3405 , -153.44 , 177.6
3406 , -980.87 , 87.33200000000001
3407 , 317.36 , -547.13
3408 , 295.68 , -429.38
3409 , -180.28 , 139.42
3410 , -887.69 , -1520.9
3411 , -603.35 , 501.76
3412 , -495.05 , 229.72
3413 , -235.99 , 188.01
3414 , -100.65 , 533.71
3415 , -428.65 , 197.25
3416 , 73.602 , 300.8
3417 , -915.78 , 103.77
3418 , -154.98 , 224.56
3419 , -898.12 , -1510.8
3420 , -327.75 , 481.48
3421 , 299.78 , -1487.3
3422 , -131.46 , 255.9
3423 , -159.06 , 176.07
3424 , 183.07 , -1556.8
3425 , -310.43 , 280.22
3426 , -923.1 , 165.8
3427 , 203.85 , -1538.8
3428 , -336.5 , 573.88
3429 , -977.77 , 46.75
3430 , -382.29 , 186.94
3431 , -979.29 , 85.73899999999999
3432 , -359.61 , 287.97
3433 , -1094.5 , 2.827
3434 , -623.96 , 177.34
3435 , -233.62 , 181.01
3436 , -196.79 , 234.25
3437 , -45.64 , 66.953
3438 , -1087.8 , 85.76
3439 , -329.66 , 574.56
3440 , -846.94 , 94.735
3441 , -1080.1 , 3.4164
3442 , -496.74 , 229.59
3443 , -274.69 , 183.48
3444 , -848.5 , 142.52
3445 , -237.95 , 199.13
3446 , -735.89 , 153.58
3447 , -128.61 , 196.8
3448 , -944.62 , 76.57300000000001
3449 , -653.74 , 169.33
3450 , -499.98 , 221.22
3451 , -103.35 , 117.36
3452 , 204.15 , -1543.1
3453 , -1096.7 , -721.87
3454 , -944.98 , 157.1
3455 , -445.42 , 277.97
3456 , 358.63 , -752.45
3457 , 311.77 , -540.42
3458 , 264.64 , -404.25
3459 , 284.52 , -483.72
3460 , 168.42 , -197.47
3461 , 366.65 , -846.22
3462 , 192.8 , -203.08
3463 , 266.86 , -404.39
3464 , 304.76 , -428.68
3465 , 217.4 , 59.331
3466 , 172.28 , -150.95
3467 , 365.49 , -986.88
3468 , 357.94 , -708.35
3469 , 387.95 , -788.87
3470 , 349.64 , -735.98
3471 , 329.78 , -501.14
3472 , 268.66 , -435.62
3473 , 184.44 , -167.91
3474 , 251.01 , -273.24
3475 , 131.87 , -47.206
3476 , 193.98 , -214.6
3477 , 191.77 , 20.475
3478 , 159.0 , 66.859
3479 , 233.23 , -219.04
3480 , 240.68 , -298.06
3481 , -3.4741 , 21.076999999999998
3482 , 250.4 , -297.52
3483 , 140.71 , 35.672
3484 , 361.57 , -679.16
3485 , 321.93 , -502.31
3486 , 72.678 , -2.3419
3487 , 208.83 , 45.968
3488 , 141.81 , -114.2
3489 , 232.38 , -225.94
3490 , 344.64 , -728.76
3491 , 266.38 , -339.05
3492 , 222.5 , -268.99
3493 , 321.9 , -479.18
3494 , -977.68 , 83.81700000000001
3495 , -36.11 , 80.721
3496 , 64.883 , -5.8204
3497 , 53.187 , 9.5748
3498 , 333.33 , -590.91
3499 , 305.03 , -425.69
3500 , 345.8 , -591.11
3501 , 209.99 , -281.95
3502 , 116.43 , 77.58800000000001
3503 , 295.6 , -534.28
3504 , 295.19 , -514.18
3505 , 205.13 , 62.291000000000004
3506 , 98.96799999999999 , 31.033
3507 , 313.39 , -497.59
3508 , 158.85 , 6.8768
3509 , 316.66 , -596.54
3510 , 195.02 , -242.6
3511 , 355.91 , -808.12
3512 , 140.78 , -162.1
3513 , 164.33 , -193.11
3514 , 246.63 , -258.51
3515 , -1057.4 , -54.625
3516 , 123.04 , 14.001
3517 , 247.01 , -278.67
3518 , 250.49 , 111.22
3519 , 271.03 , -438.77
3520 , 392.34 , -804.1
3521 , 346.81 , -570.92
3522 , -1065.1 , 57.466
3523 , 359.09 , -617.14
3524 , 249.4 , -302.65
3525 , 341.06 , -525.08
3526 , 85.697 , -94.086
3527 , -953.83 , 92.603
3528 , 125.1 , -97.35600000000001
3529 , 362.83 , -602.01
3530 , 250.42 , -263.93
3531 , 169.96 , -148.6
3532 , 262.34 , -352.62
3533 , 263.76 , -323.3
3534 , 369.55 , -635.84
3535 , 204.08 , -261.98
3536 , 370.25 , -626.62
3537 , 247.43 , -276.91
3538 , 287.73 , -366.6
3539 , 214.55 , -262.24
3540 , 221.18 , -234.66
3541 , 350.68 , -1065.7
3542 , 20.576999999999998 , 77.803
3543 , 362.28 , -607.78
3544 , 271.54 , -326.16
3545 , 340.87 , -669.57
3546 , -1063.1 , 75.797
3547 , 340.8 , -545.73
3548 , 107.49 , 95.87100000000001
3549 , 91.835 , 43.629
3550 , 199.42 , 33.422
3551 , -1035.9 , 104.22
3552 , 332.52 , -498.04
3553 , -970.62 , 107.16
3554 , 161.29 , -7.0837
3555 , 2.8632 , 87.49799999999999
3556 , -920.18 , 123.48
3557 , 355.41 , -835.11
3558 , 206.21 , -237.02
3559 , 187.76 , -191.2
3560 , 267.34 , 94.087
3561 , 235.24 , -212.27
3562 , 372.57 , -818.65
3563 , 358.3 , -601.91
3564 , 338.0 , -503.11
3565 , 370.3 , -716.58
3566 , 213.02 , -175.29
3567 , 363.76 , -633.51
3568 , -1062.5 , -101.67
3569 , 306.3 , -456.97
3570 , 29.194000000000003 , -1.0256
3571 , -943.38 , 96.348
3572 , 362.11 , -942.3
3573 , 300.96 , -442.13
3574 , 336.12 , -523.21
3575 , 119.62 , -105.93
3576 , 185.81 , 28.789
3577 , 349.85 , -647.37
3578 , 361.41 , -840.42
3579 , 257.66 , -373.38
3580 , 380.76 , -685.3
3581 , -1056.4 , 80.915
3582 , 199.37 , -192.26
3583 , 274.96 , 74.872
3584 , 353.79 , -777.57
3585 , 274.36 , -338.22
3586 , 367.96 , -819.94
3587 , 227.93 , -221.78
3588 , -972.34 , 101.9
3589 , 84.337 , 81.653
3590 , 256.36 , -365.79
3591 , 354.86 , -584.13
3592 , 338.26 , -537.06
3593 , 364.89 , -691.05
3594 , 338.22 , -682.1
3595 , 355.08 , -578.24
3596 , 355.5 , -604.01
3597 , 355.72 , -570.71
3598 , 245.04 , -335.49
3599 , 259.85 , -319.68
3600 , 83.529 , 43.349
3601 , -896.64 , 96.109
3602 , 357.28 , -844.68
3603 , 288.51 , -406.5
3604 , 336.02 , -1208.7
3605 , -990.48 , 100.67
3606 , 102.83 , -28.296999999999997
3607 , 68.458 , -52.101000000000006
3608 , -967.18 , 92.336
3609 , -1057.3 , 14.149000000000001
3610 , 282.52 , -479.01
3611 , 377.8 , -666.31
3612 , 373.22 , -688.91
3613 , 351.51 , -1080.5
3614 , 222.58 , -232.45
3615 , 347.37 , 133.6
3616 , 254.69 , -1479.1
3617 , -944.05 , 136.18
3618 , 296.01 , -1403.2
3619 , 139.0 , -168.21
3620 , 50.57899999999999 , 64.561
3621 , 178.4 , -247.28
3622 , 242.25 , -323.63
3623 , 357.71 , -849.2
3624 , 321.91 , -460.28
3625 , 280.38 , -374.93
3626 , 358.26 , -840.03
3627 , 202.97 , -243.41
3628 , 330.67 , -487.63
3629 , 273.46 , 96.066
3630 , 129.34 , -50.306999999999995
3631 , 345.6 , -684.87
3632 , 156.42 , -95.779
3633 , 364.63 , -862.59
3634 , 296.94 , -1409.4
3635 , -1004.9 , 38.159
3636 , 241.55 , -269.57
3637 , 377.8 , -807.61
3638 , 221.74 , -265.71
3639 , 190.89 , -160.21
3640 , -970.5 , 111.29
3641 , 26.296999999999997 , 77.785
3642 , -1002.1 , 79.835
3643 , -1041.0 , 78.529
3644 , -951.04 , 84.086
3645 , 377.28 , -722.32
3646 , -1056.2 , 90.137
3647 , 379.69 , -677.99
3648 , 319.48 , -462.28
3649 , 307.17 , -419.43
3650 , -1039.9 , 74.402
3651 , 386.75 , -709.4
3652 , -1075.7 , 7.4549
3653 , 322.25 , -581.0
3654 , 330.63 , -493.12
3655 , 91.316 , -23.322
3656 , -905.69 , 91.729
3657 , -146.8 , 146.6
3658 , 392.32 , -839.17
3659 , 277.49 , -1416.7
3660 , -1050.5 , 22.949
3661 , 55.966 , -19.842
3662 , 208.53 , -162.11
3663 , 361.1 , -588.54
3664 , 391.57 , -768.83
3665 , -1074.4 , 64.92699999999999
3666 , 125.66 , -55.15
3667 , 103.92 , -76.183
3668 , 347.93 , -700.7
3669 , -1062.6 , 69.186
3670 , 391.06 , -738.29
3671 , 222.66 , -271.29
3672 , -984.52 , 130.87
3673 , -968.51 , 132.99
3674 , -1043.4 , 65.87100000000001
3675 , 295.85 , -1459.9
3676 , 194.01 , -225.77
3677 , 336.38 , -1199.2
3678 , 234.34 , 74.569
3679 , 3.8432 , 124.46
3680 , 235.47 , -273.14
3681 , 324.23 , -542.03
3682 , 230.7 , -254.36
3683 , 295.47 , -1395.0
3684 , -845.19 , 117.86
3685 , 394.03 , -881.69
3686 , -1088.7 , 40.756
3687 , 208.98 , -245.78
3688 , -1016.6 , 72.90899999999999
3689 , -1083.2 , -17.727
3690 , 334.2 , -496.98
3691 , -936.15 , 68.715
3692 , 113.89 , 36.918
3693 , -1001.8 , 69.781
3694 , 331.8 , -1216.2
3695 , -955.86 , 104.83
3696 , -943.44 , 91.291
3697 , -1045.0 , 84.947
3698 , 190.46 , -163.53
3699 , 388.03 , -848.22
3700 , 334.59 , -557.36
3701 , 387.94 , -892.05
3702 , 359.56 , -590.12
3703 , -906.82 , 99.031
3704 , -1005.4 , 126.23
3705 , -945.77 , 79.372
3706 , 207.74 , -268.06
3707 , -9.4021 , 50.934
3708 , -1046.1 , 87.973
3709 , 327.84 , -1269.5
3710 , 175.37 , -113.1
3711 , 381.25 , -724.53
3712 , -980.99 , 102.62
3713 , 186.42 , 116.31
3714 , 273.92 , -452.64
3715 , 357.06 , -686.17
3716 , 332.21 , -534.43
3717 , 384.0 , -760.19
3718 , -1055.8 , 41.625
3719 , -984.54 , 91.086
3720 , 298.52 , -569.12
3721 , 190.18 , -178.3
3722 , -973.21 , 81.081
3723 , -1033.3 , -27.529
3724 , -1061.1 , 104.27
3725 , 267.63 , 68.507
3726 , -98.609 , 154.72
3727 , -1110.1 , -821.35
3728 , 332.87 , 103.35
3729 , -1030.3 , 117.2
3730 , -440.99 , 336.5
3731 , -897.38 , 134.67
3732 , -1097.2 , -491.79
3733 , -997.58 , 101.11
3734 , 328.06 , 116.83
3735 , 188.1 , -235.11
3736 , 370.11 , -1037.0
3737 , 183.55 , 96.596
3738 , 376.57 , 145.97
3739 , -41.107 , 81.619
3740 , -1052.2 , 96.666
3741 , -1029.6 , 124.22
3742 , -1061.8 , 91.209
3743 , -1066.3 , -116.58
3744 , 312.2 , -436.66
3745 , 367.86 , -623.14
3746 , -952.86 , 132.8
3747 , -911.87 , 132.21
3748 , -35.733000000000004 , 89.31299999999999
3749 , 325.27 , -1264.4
3750 , 16.055999999999997 , 94.036
3751 , 371.72 , -663.25
3752 , -928.53 , 141.35
3753 , -935.23 , 135.61
3754 , 334.91 , -489.44
3755 , -1082.0 , -1227.4
3756 , 368.82 , -839.39
3757 , -880.84 , 115.73
3758 , -952.54 , 140.6
3759 , 361.17 , -995.02
3760 , 352.27 , -669.46
3761 , 364.27 , -857.93
3762 , 392.16 , -841.7
3763 , 230.37 , -216.31
3764 , -1072.7 , 77.998
3765 , 314.63 , -439.79
3766 , 102.56 , 51.303999999999995
3767 , -1053.8 , 2.3062
3768 , 288.82 , -1393.6
3769 , -1064.4 , 37.848
3770 , 352.72 , -595.87
3771 , 57.006 , 38.443000000000005
3772 , 149.82 , -178.55
3773 , 385.69 , -770.53
3774 , -938.87 , 75.414
3775 , -1053.9 , -73.327
3776 , -140.28 , 133.73
3777 , 290.49 , -1468.3
3778 , 198.86 , -127.09
3779 , 299.08 , -418.35
3780 , -1037.0 , 91.406
3781 , -1050.6 , -76.245
3782 , 310.67 , -596.12
3783 , 343.75 , -608.06
3784 , 318.47 , 114.75
3785 , -1069.6 , -38.87
3786 , -1023.2 , 33.522
3787 , 360.84 , -1091.7
3788 , 81.764 , -20.423
3789 , -1085.5 , 6.9576
3790 , -1037.3 , 51.287
3791 , -102.62 , 103.06
3792 , -104.33 , 134.35
3793 , -989.53 , 127.32
3794 , -930.93 , 136.56
3795 , 373.46 , -627.76
3796 , 124.77 , -115.36
3797 , 370.45 , -682.53
3798 , 287.55 , -1478.7
3799 , 384.17 , -865.14
3800 , 358.22 , 135.69
3801 , -1005.8 , 41.232
3802 , 165.68 , 102.08
3803 , -1081.7 , 16.352999999999998
3804 , 378.3 , -947.7
3805 , -1051.1 , -21.607
3806 , -1027.0 , 70.149
3807 , -921.03 , 91.619
3808 , 0.2498 , 135.18
3809 , -1056.2 , 97.344
3810 , 308.17 , -1344.3
3811 , 342.51 , -1181.3
3812 , -915.72 , 78.874
3813 , -1085.9 , 46.353
3814 , -1086.4 , 39.025
3815 , 259.49 , -291.24
3816 , -995.72 , 76.958
3817 , -1055.5 , 46.131
3818 , 360.91 , -763.66
3819 , -959.04 , 128.04
3820 , 290.81 , -384.02
3821 , -929.54 , 137.77
3822 , 285.79 , -1452.7
3823 , -968.01 , 71.497
3824 , -988.63 , 49.622
3825 , -1063.9 , 18.839000000000002
3826 , 279.44 , -489.6
3827 , -1016.8 , 92.105
3828 , -1050.8 , 76.954
3829 , -1034.5 , 113.2
3830 , -889.45 , 131.66
3831 , -973.18 , 123.28
3832 , 357.73 , -571.02
3833 , 331.92 , 131.75
3834 , -1042.8 , -2.718
3835 , -1052.0 , -35.585
3836 , 361.42 , -697.38
3837 , -1038.6 , 70.171
3838 , -1125.0 , -972.04
3839 , 118.28 , 56.193999999999996
3840 , -1004.8 , 111.99
3841 , -1012.7 , 44.388999999999996
3842 , 159.89 , 101.15
3843 , -957.14 , 88.881
3844 , 291.71 , -1458.6
3845 , 385.84 , -852.57
3846 , -1066.1 , 9.6076
3847 , 309.39 , 118.91
3848 , -46.282 , 132.95
3849 , 392.33 , -774.01
3850 , -1075.2 , -55.119
3851 , -873.61 , 129.35
3852 , -167.39 , 201.63
3853 , -940.21 , 135.3
3854 , -1059.1 , -1282.0
3855 , 333.63 , -1214.5
3856 , 133.11 , -111.73
3857 , 308.34 , -549.8
3858 , 192.3 , 105.89
3859 , -1083.5 , -28.865
3860 , 190.37 , 62.253
3861 , -996.28 , 60.79600000000001
3862 , -1071.0 , 14.162
3863 , -1035.2 , -16.86
3864 , 53.235 , 37.529
3865 , 320.25 , -454.07
3866 , -747.33 , 136.63
3867 , -1018.5 , 48.651
3868 , 245.05 , -1496.0
3869 , -1070.2 , 84.397
3870 , -1060.1 , -7.236000000000001
3871 , 329.48 , 134.95
3872 , 381.87 , -728.1
3873 , 385.03 , -903.59
3874 , -1025.6 , 72.85300000000001
3875 , -1036.4 , 56.571000000000005
3876 , -1082.2 , 72.955
3877 , -1046.7 , 74.79899999999999
3878 , 374.94 , -653.27
3879 , -68.995 , 103.46
3880 , -944.62 , 68.821
3881 , -1098.0 , -585.37
3882 , 110.3 , 41.775
3883 , -1044.3 , -59.468
3884 , -203.53 , 174.51
3885 , -928.29 , 128.33
3886 , -970.11 , 131.97
3887 , 353.55 , -606.15
3888 , 367.74 , -630.17
3889 , -912.96 , 156.29
3890 , -1040.4 , -1.1216
3891 , 80.696 , 32.344
3892 , 389.22 , -850.99
3893 , -1036.9 , 74.248
3894 , -1022.2 , 37.449
3895 , -1047.7 , 47.647
3896 , 381.67 , -962.97
3897 , 125.37 , 46.562
3898 , 273.63 , -418.47
3899 , 282.12 , -1482.3
3900 , -1081.1 , -208.77
3901 , -925.66 , 126.32
3902 , -1060.5 , 72.87100000000001
3903 , -1022.0 , 103.48
3904 , -1072.1 , 2.7983
3905 , -1070.0 , 5.6186
3906 , -964.86 , 81.184
3907 , -1118.4 , -894.96
3908 , -843.11 , 120.26
3909 , -996.88 , 97.666
3910 , 291.19 , -1387.7
3911 , -992.19 , 121.85
3912 , -1075.4 , 40.92
3913 , 119.45 , -59.717
3914 , 284.17 , -1477.4
3915 , 361.19 , -594.46
3916 , 226.12 , -218.45
3917 , -951.74 , 76.907
3918 , -1002.0 , 94.943
3919 , 290.79 , -1381.5
3920 , 329.64 , -1216.9
3921 , 386.45 , -924.98
3922 , -15.285 , 65.204
3923 , -902.53 , 84.545
3924 , -208.09 , 150.92
3925 , 217.72 , -282.72
3926 , -1008.0 , 98.735
3927 , -879.64 , 147.66
3928 , 96.34 , -6.6307
3929 , 226.4 , -1522.2
3930 , -1010.9 , 64.896
3931 , -80.50399999999999 , 131.26
3932 , -278.87 , 193.03
3933 , 277.86 , -1466.8
3934 , 238.14 , -1506.7
3935 , -1069.2 , 77.832
3936 , 319.54 , -507.02
3937 , 261.92 , -440.97
3938 , -1071.3 , 45.586999999999996
3939 , -946.37 , 106.22
3940 , 147.09 , -89.76
3941 , -851.29 , 141.57
3942 , 294.21 , -1435.6
3943 , 335.5 , -514.98
3944 , -137.2 , 120.71
3945 , -0.73834 , 38.361
3946 , 389.93 , -885.86
3947 , -998.74 , 104.21
3948 , -1016.6 , 34.411
3949 , -1040.6 , 16.67
3950 , -694.62 , 167.03
3951 , -94.369 , 493.82
3952 , -97.135 , 479.7
3953 , -1091.5 , -1179.6
3954 , -995.34 , 118.91
3955 , 87.06 , 31.351999999999997
3956 , 272.27 , -1497.0
3957 , -203.49 , 130.09
3958 , -193.77 , 192.89
3959 , -1120.7 , -986.63
3960 , -976.9 , 82.72200000000001
3961 , -999.67 , 130.19
3962 , -997.74 , 94.039
3963 , -39.095 , 75.499
3964 , -45.106 , 111.64
3965 , 359.44 , -1089.7
3966 , 167.49 , -156.78
3967 , -1028.0 , 94.99600000000001
3968 , -1084.9 , -1243.6
3969 , 366.56 , -625.06
3970 , 197.11 , -177.86
3971 , -1042.0 , 61.446999999999996
3972 , -1030.3 , 66.288
3973 , -1123.2 , -949.68
3974 , -952.56 , 82.098
3975 , -223.42 , 215.58
3976 , -739.87 , 150.66
3977 , -1060.2 , 28.15
3978 , 352.99 , -833.33
3979 , -303.16 , 286.82
3980 , -186.06 , 191.53
3981 , -208.39 , 155.81
3982 , -899.12 , 123.91
3983 , -1010.3 , 113.3
3984 , -799.53 , 127.55
3985 , -4.3666 , 8.8124
3986 , 115.4 , 46.696000000000005
3987 , 281.87 , -1480.1
3988 , 352.13 , -642.76
3989 , 248.42 , -1502.4
3990 , -1091.7 , -310.46
3991 , -1064.9 , 72.13
3992 , -1018.0 , 111.14
3993 , -1095.9 , 8.7024
3994 , -1084.4 , -1245.3
3995 , -691.72 , 160.6
3996 , 297.4 , -1443.7
3997 , 213.96 , 20.776999999999997
3998 , 157.02 , -121.13
3999 , -94.619 , 118.47
4000 , -1065.0 , -6.6903
4001 , -1083.5 , 42.88
4002 , 258.84 , -1482.6
4003 , -139.23 , 115.1
4004 , 122.86 , -77.342
4005 , -39.53 , 109.2
4006 , -614.01 , 174.78
4007 , -915.05 , 136.13
4008 , -1057.9 , -58.472
4009 , -959.79 , 95.71600000000001
4010 , 299.88 , -432.96
4011 , 286.53 , -1473.7
4012 , -1053.6 , 62.998999999999995
4013 , 318.97 , -573.6
4014 , -209.85 , 208.07
4015 , -969.13 , 125.8
4016 , 215.58 , 71.411
4017 , -899.12 , 118.91
4018 , -1079.9 , -1247.9
4019 , 299.04 , -1454.7
4020 , -918.96 , 111.75
4021 , -1029.0 , 102.38
4022 , -141.12 , 164.37
4023 , -946.79 , 124.99
4024 , -1068.5 , -51.593
4025 , 270.04 , -1476.3
4026 , -96.943 , 482.23
4027 , -1067.7 , 103.97
4028 , 54.431999999999995 , 29.655
4029 , -864.26 , 141.87
4030 , 286.79 , -1494.6
4031 , 391.6 , -756.13
4032 , -208.28 , 186.52
4033 , 12.011 , 98.43799999999999
4034 , -1063.2 , -62.35
4035 , -248.08 , 186.05
4036 , -1007.0 , 49.733999999999995
4037 , -1070.0 , -36.385999999999996
4038 , -895.53 , -1519.3
4039 , -758.68 , 152.43
4040 , -939.92 , 131.67
4041 , 327.12 , 120.79
4042 , 280.53 , 110.23
4043 , 283.87 , -1495.6
4044 , -837.28 , 120.07
4045 , 388.55 , -900.22
4046 , -272.94 , 295.85
4047 , -935.41 , 151.86
4048 , -1079.3 , -192.45
4049 , -930.03 , 86.51799999999999
4050 , -981.07 , 97.12700000000001
4051 , -432.61 , 183.65
4052 , -173.52 , 152.14
4053 , 169.47 , 113.34
4054 , 351.56 , -1140.8
4055 , 201.61 , -221.98
4056 , 184.41 , 19.215999999999998
4057 , -109.48 , 81.435
4058 , -1095.9 , -1168.3
4059 , 391.11 , -762.07
4060 , -1047.8 , 83.31700000000001
4061 , -1075.0 , -38.763000000000005
4062 , -1075.6 , 61.849
4063 , -1000.5 , 103.97
4064 , -781.29 , 139.57
4065 , -958.03 , 131.42
4066 , 199.84 , -235.48
4067 , 190.17 , -143.48
4068 , -1096.1 , -379.38
4069 , -675.91 , 170.01
4070 , -875.68 , 117.13
4071 , -1091.3 , 10.14
4072 , -121.3 , 199.94
4073 , -1042.1 , 81.5
4074 , 377.36 , -803.7
4075 , -1022.5 , 91.18700000000001
4076 , 188.19 , 113.6
4077 , 228.89 , -1509.6
4078 , -1007.6 , 123.19
4079 , 363.59 , -720.08
4080 , -23.811999999999998 , 98.305
4081 , -166.69 , 151.31
4082 , -1095.8 , -422.09
4083 , -794.15 , 131.83
4084 , -1068.7 , -111.78
4085 , -166.56 , 140.41
4086 , -877.99 , 110.07
4087 , -1118.9 , -960.78
4088 , -780.76 , 134.01
4089 , 296.96 , -1437.3
4090 , -915.31 , 113.63
4091 , -916.28 , 107.27
4092 , 61.916000000000004 , -73.63600000000001
4093 , -1106.1 , -769.31
4094 , -356.77 , 218.37
4095 , -1102.5 , -1111.2
4096 , -967.96 , 105.59
4097 , -896.32 , 133.38
4098 , -982.12 , 55.458
4099 , -964.41 , 105.65
4100 , -918.62 , 145.79
4101 , -56.147 , 80.883
4102 , -1094.5 , -353.96
4103 , -220.06 , 157.15
4104 , -811.83 , 139.5
4105 , -917.53 , 129.62
4106 , -856.08 , 139.81
4107 , 337.87 , 137.2
4108 , -1080.4 , -1259.3
4109 , 218.72 , -264.09
4110 , 141.58 , 99.275
4111 , -1100.6 , 30.836
4112 , -460.68 , 356.59
4113 , -823.47 , 142.73
4114 , -1090.3 , -15.097999999999999
4115 , 122.16 , -142.66
4116 , -1100.1 , 34.214
4117 , 12.097999999999999 , 91.965
4118 , -728.48 , 143.39
4119 , -305.18 , 166.93
4120 , 287.89 , -1485.6
4121 , -848.57 , 103.23
4122 , -880.62 , 132.07
4123 , -867.63 , 135.93
4124 , -987.94 , 93.365
4125 , -820.09 , 139.6
4126 , -1120.3 , -915.02
4127 , -1038.1 , 36.334
4128 , -805.55 , 128.91
4129 , -789.11 , 130.22
4130 , -1045.9 , 66.123
4131 , -1063.4 , -85.766
4132 , -987.08 , 116.94
4133 , -810.07 , 146.96
4134 , -1086.4 , -1248.1
4135 , -988.24 , 80.87100000000001
4136 , 358.09 , -595.28
4137 , -192.87 , 181.98
4138 , -909.34 , -1499.8
4139 , -1114.1 , -835.95
4140 , -940.31 , 147.61
4141 , -953.68 , 142.86
4142 , 350.63 , -689.54
4143 , -235.75 , 200.46
4144 , 119.79 , -83.927
4145 , -1122.2 , -941.04
4146 , 283.94 , -1492.9
4147 , -1052.3 , -65.99
4148 , -1097.9 , -542.27
4149 , -886.54 , 108.77
4150 , -821.14 , 121.84
4151 , -362.8 , 190.81
4152 , -1022.3 , 54.312
4153 , -232.09 , 185.12
4154 , 173.46 , -186.18
4155 , -126.61 , 200.06
4156 , -1051.3 , 35.809
4157 , -151.16 , 148.79
4158 , -84.046 , 518.74
4159 , -1095.9 , -729.82
4160 , -81.95100000000001 , 535.6
4161 , -1035.3 , 60.513000000000005
4162 , 50.256 , 278.56
4163 , 278.05 , -1447.8
4164 , -1097.8 , -540.79
4165 , -891.1 , -1525.3
4166 , -1100.4 , 44.946000000000005
4167 , -1027.5 , 1.2854
4168 , -171.71 , 215.99
4169 , -99.551 , 427.47
4170 , -126.64 , 114.53
4171 , -791.52 , 136.68
4172 , -1064.8 , -34.516
4173 , -907.7 , -1515.3
4174 , -956.87 , 135.11
4175 , -780.36 , 136.04
4176 , 335.17 , -1150.9
4177 , -941.89 , 140.11
4178 , -801.89 , 143.67
4179 , -1104.8 , -657.61
4180 , -86.251 , 129.28
4181 , -751.84 , 147.86
4182 , -1117.2 , -884.92
4183 , -256.51 , 181.5
4184 , -1014.2 , 109.05
4185 , -852.12 , 114.06
4186 , -875.92 , 98.007
4187 , 278.52 , -364.68
4188 , -1093.0 , -1253.1
4189 , -937.22 , 137.65
4190 , -909.86 , 130.85
4191 , -1050.5 , -64.528
4192 , 61.957 , -19.938
4193 , -190.51 , 167.73
4194 , -921.75 , 81.595
4195 , -1092.6 , -293.39
4196 , 301.3 , -595.44
4197 , -1046.7 , 37.567
4198 , -943.27 , 98.631
4199 , -141.93 , 160.49
4200 , 374.73 , -612.88
4201 , -1090.9 , -268.75
4202 , -516.63 , 177.44
4203 , -858.19 , 145.61
4204 , -1030.8 , 122.53
4205 , -1065.4 , 87.42200000000001
4206 , -929.63 , 93.094
4207 , -1114.5 , -858.01
4208 , -1125.4 , -976.64
4209 , -722.56 , 160.6
4210 , 261.1 , -1472.6
4211 , -1092.4 , -354.83
4212 , -1061.2 , -37.637
4213 , -928.81 , -1485.3
4214 , -1040.6 , 54.09
4215 , -410.33 , 221.74
4216 , 117.29 , -80.29899999999999
4217 , 299.17 , -1435.1
4218 , -341.85 , 194.32
4219 , -1011.5 , 49.638999999999996
4220 , -1097.2 , -638.09
4221 , -35.639 , 32.628
4222 , -910.43 , 137.27
4223 , 41.266999999999996 , 70.42
4224 , -304.91 , 364.43
4225 , -1096.9 , -359.47
4226 , -1087.6 , -1201.7
4227 , -1071.6 , -118.69
4228 , -311.29 , 436.18
4229 , -893.66 , 110.19
4230 , -959.59 , 89.602
4231 , -216.71 , 200.63
4232 , 380.61 , -730.77
4233 , -77.333 , 137.43
4234 , -181.21 , 197.66
4235 , -648.11 , 173.62
4236 , -930.05 , 151.43
4237 , -80.825 , 76.843
4238 , -765.01 , 141.29
4239 , 324.82 , -1292.0
4240 , -81.684 , 543.15
4241 , -973.6 , 78.745
4242 , -92.695 , 486.11
4243 , -925.13 , 109.17
4244 , 299.88 , -1444.3
4245 , -144.24 , 179.26
4246 , -362.62 , 198.22
4247 , -204.59 , 155.34
4248 , -209.72 , 231.84
4249 , -169.02 , 190.48
4250 , -891.42 , -1519.0
4251 , -538.6 , 195.18
4252 , -936.82 , 117.36
4253 , -242.86 , 176.83
4254 , 236.67 , -286.46
4255 , -908.08 , -1508.9
4256 , -1101.0 , -1142.8
4257 , 152.32 , -172.19
4258 , -98.916 , 474.93
4259 , -645.29 , 178.42
4260 , -1022.3 , 59.81
4261 , -1031.7 , -8.745
4262 , -953.18 , -1446.0
4263 , -903.75 , 115.93
4264 , -175.81 , 220.62
4265 , -158.92 , 180.85
4266 , -1065.2 , 74.756
4267 , -339.81 , 240.94
4268 , -328.98 , 233.55
4269 , -942.86 , 133.59
4270 , -785.62 , 134.81
4271 , 42.637 , -22.625999999999998
4272 , -1098.2 , -462.47
4273 , 111.31 , -97.588
4274 , 196.56 , -1540.1
4275 , -920.77 , 85.662
4276 , -1083.3 , -1255.1
4277 , -965.95 , 139.38
4278 , -126.83 , 143.74
4279 , -190.36 , 139.87
4280 , 319.56 , -469.51
4281 , -1041.4 , -17.107
4282 , -803.95 , 131.78
4283 , -1112.3 , -833.16
4284 , -911.26 , 109.97
4285 , -1098.1 , -705.64
4286 , -1060.9 , -76.60600000000001
4287 , -889.96 , 108.01
4288 , 84.008 , 309.0
4289 , 234.39 , 136.26
4290 , -961.43 , -1433.5
4291 , 398.24 , -820.82
4292 , -1084.4 , -236.83
4293 , -34.62 , 107.7
4294 , -527.73 , 401.05
4295 , -898.01 , -1517.6
4296 , 42.262 , 3.2132
4297 , 290.46 , -1454.5
4298 , -946.13 , 85.00399999999999
4299 , -1086.4 , -55.092
4300 , -346.1 , 203.19
4301 , -170.96 , 217.55
4302 , -1099.6 , -697.52
4303 , 295.73 , -1482.9
4304 , -329.17 , 259.3
4305 , -1117.2 , -890.96
4306 , -157.72 , 211.56
4307 , -955.89 , 77.445
4308 , -875.26 , 147.5
4309 , -541.34 , 202.63
4310 , 291.07 , -1478.6
4311 , 341.36 , 121.41
4312 , -1030.4 , 15.728
4313 , -157.01 , 224.44
4314 , -1063.9 , 96.361
4315 , -910.94 , 148.96
4316 , 220.09 , -1522.0
4317 , -899.15 , 138.62
4318 , -904.97 , -1511.3
4319 , -925.66 , 140.3
4320 , -189.56 , 226.81
4321 , -894.16 , -1512.6
4322 , -1060.4 , -89.905
4323 , -147.36 , 202.79
4324 , -104.06 , 506.89
4325 , -995.32 , 93.32799999999999
4326 , -257.52 , 227.25
4327 , 31.996 , 262.1
4328 , -1076.8 , -1267.5
4329 , -977.36 , 41.589
4330 , -189.12 , 186.37
4331 , -168.83 , 234.65
4332 , -833.55 , 143.74
4333 , -675.68 , 173.94
4334 , -988.55 , 96.449
4335 , -1073.7 , -67.582
4336 , 145.55 , 94.14
4337 , 12.591 , 137.25
4338 , -343.4 , 261.53
4339 , -177.18 , 210.15
4340 , -85.70100000000001 , 537.66
4341 , -40.164 , 119.07
4342 , -316.13 , 501.22
4343 , -1087.6 , -1263.0
4344 , -191.68 , 183.42
4345 , 263.47 , 97.8
4346 , -725.07 , 158.83
4347 , 281.41 , 91.713
4348 , -1128.5 , -972.81
4349 , -1099.9 , -1145.6
4350 , -1075.4 , 28.919
4351 , 54.356 , 5.5089
4352 , -380.74 , 240.51
4353 , -73.081 , 133.52
4354 , -1092.5 , -1238.0
4355 , -1100.4 , -682.19
4356 , -702.4 , 165.56
4357 , -416.72 , 245.5
4358 , -1090.2 , -1208.3
4359 , -601.15 , 190.88
4360 , -807.93 , 149.17
4361 , -623.82 , 181.54
4362 , -133.54 , 171.05
4363 , -1092.2 , -1241.2
4364 , -215.53 , 226.98
4365 , -266.07 , 181.81
4366 , -1101.5 , -650.25
4367 , -103.0 , 495.43
4368 , -982.07 , 48.976000000000006
4369 , -173.4 , 113.69
4370 , -959.67 , 103.67
4371 , -450.24 , 209.33
4372 , -1073.5 , 88.09299999999999
4373 , -900.99 , -1511.6
4374 , -65.249 , 106.86
4375 , -1109.8 , -774.81
4376 , -456.96 , 343.32
4377 , -1116.3 , -902.54
4378 , -178.59 , 233.91
4379 , 175.59 , 39.719
4380 , -192.69 , 218.33
4381 , -567.23 , 460.08
4382 , -187.48 , 216.29
4383 , 196.23 , -1556.0
4384 , -213.65 , 167.51
4385 , -167.95 , 156.41
4386 , -276.56 , 200.66
4387 , -350.65 , 293.16
4388 , -1107.3 , -760.59
4389 , -1076.8 , -115.76
4390 , -213.15 , 237.18
4391 , -212.21 , 202.17
4392 , -130.72 , 202.24
4393 , -438.27 , 182.96
4394 , -1060.1 , 24.551
4395 , -365.84 , 213.15
4396 , -1105.8 , -795.46
4397 , -916.34 , -1495.8
4398 , -224.64 , 224.66
4399 , 267.81 , -1490.2
4400 , 199.88 , -1546.0
4401 , -206.57 , 218.31
4402 , -317.53 , 248.71
4403 , -113.52 , 301.64
4404 , -156.4 , 176.83
4405 , -387.03 , 246.26
4406 , 204.93 , 76.748
4407 , -493.81 , 203.6
4408 , -1031.9 , 98.539
4409 , -1107.1 , -812.26
4410 , -200.57 , 218.89
4411 , -970.28 , 123.21
4412 , -689.0 , 169.81
4413 , 330.81 , -555.69
4414 , -1094.7 , -396.62
4415 , -1109.5 , -815.4
4416 , 205.86 , -1537.9
4417 , -318.3 , 312.98
4418 , -1102.6 , -750.22
4419 , -180.91 , 191.09
4420 , -173.6 , 199.7
4421 , -175.24 , 183.51
4422 , -269.33 , 189.72
4423 , 36.351 , 276.45
4424 , 332.84 , -477.49
4425 , -311.92 , 329.26
4426 , -729.37 , 155.42
4427 , 331.29 , 129.74
4428 , -131.61 , 185.53
4429 , -748.87 , 153.3
4430 , -331.32 , 279.69
4431 , -201.92 , 204.27
4432 , -337.66 , 262.55
4433 , -1041.0 , -4.909
4434 , -3.9775 , 10.887
4435 , -1098.8 , -1168.3
4436 , -133.53 , 156.91
4437 , 266.61 , -1507.9
4438 , -347.21 , 183.4
4439 , -265.92 , 184.47
4440 , -753.76 , 142.42
4441 , -1114.1 , -847.35
4442 , -208.26 , 174.14
4443 , -476.03 , 311.31
4444 , -222.3 , 151.46
4445 , -212.09 , 175.79
4446 , -1094.4 , 3.7446
4447 , -553.76 , 189.54
4448 , -890.53 , 97.71
4449 , -999.96 , 47.549
4450 , -206.26 , 230.35
4451 , -99.01700000000001 , 119.01
4452 , -348.23 , 236.74
4453 , -1079.9 , -0.50061
4454 , -324.62 , 375.72
4455 , -226.81 , 118.01
4456 , -361.69 , 178.0
4457 , 149.57 , 79.429
4458 , -831.64 , 135.92
4459 , -332.3 , 212.57
4460 , -149.16 , 188.72
4461 , -326.34 , 434.84
4462 , -228.92 , 238.98
4463 , -110.89 , 220.12
4464 , -523.53 , 175.53
4465 , -308.29 , 266.96
4466 , 82.045 , 305.21
4467 , -187.82 , 206.1
4468 , -574.68 , 178.83
4469 , -728.41 , 152.94
4470 , 206.02 , -1554.6
4471 , 337.08 , -668.88
4472 , -1094.2 , -712.57
4473 , -1088.3 , -1259.7
4474 , -1012.7 , 110.69
4475 , -200.03 , 197.47
4476 , -117.76 , 153.42
4477 , -952.77 , 136.56
4478 , -133.75 , 178.34
4479 , -181.47 , 158.77
4480 , -1097.7 , -690.09
4481 , -222.72 , 190.9
4482 , -233.48 , 145.8
4483 , -397.47 , 206.87
4484 , -228.83 , 236.4
4485 , -1091.5 , -336.55
4486 , -356.33 , 222.35
4487 , -980.62 , 91.67200000000001
4488 , -177.1 , 162.05
4489 , -209.45 , 172.2
4490 , -220.25 , 185.42
4491 , -128.83 , 242.1
4492 , -947.05 , 109.09
4493 , -431.88 , 229.93
4494 , 290.62 , -1489.8
4495 , -192.71 , 230.73
4496 , -207.65 , 205.25
4497 , 11.735999999999999 , 72.306
4498 , -185.71 , 212.36
4499 , -211.77 , 165.32
4500 , -121.32 , 253.75
4501 , -376.91 , 251.29
4502 , -428.35 , 264.09
4503 , -992.3 , 130.12
4504 , -94.641 , 522.55
4505 , -207.45 , 196.65
4506 , -286.57 , 221.4
4507 , -35.257 , 132.73
4508 , 36.26 , 253.61
4509 , -366.91 , 190.58
4510 , -923.82 , 74.888
4511 , -191.51 , 241.81
4512 , -1062.8 , 25.079
4513 , -265.62 , 236.17
4514 , -456.38 , 263.27
4515 , -674.16 , 168.79
4516 , -511.81 , 200.72
4517 , 266.24 , 85.16
4518 , -570.09 , 196.95
4519 , -75.008 , 109.1
4520 , -292.18 , 253.51
4521 , -270.15 , 243.84
4522 , -246.93 , 233.41
4523 , -1096.3 , -745.61
4524 , -890.27 , 148.79
4525 , -268.37 , 255.82
4526 , -274.8 , 227.29
4527 , 315.49 , -1293.8
4528 , -284.85 , 274.88
4529 , -557.03 , 204.17
4530 , -181.99 , 186.83
4531 , 200.62 , -1559.8
4532 , -1004.0 , 120.55
4533 , -107.4 , 536.51
4534 , -311.92 , 272.24
4535 , -168.21 , 166.23
4536 , -190.68 , 236.77
4537 , 212.37 , -1534.4
4538 , -323.86 , 257.52
4539 , -188.33 , 223.63
4540 , -593.26 , 493.72
4541 , -79.687 , 360.71
4542 , -1077.4 , 11.069
4543 , -1102.6 , -1098.1
4544 , -294.96 , 226.98
4545 , -1015.5 , 45.281000000000006
4546 , -261.15 , 253.32
4547 , -211.04 , 212.31
4548 , -253.67 , 242.47
4549 , -128.18 , 236.64
4550 , -1090.2 , 47.077
4551 , -276.13 , 211.26
4552 , -162.76 , 197.97
4553 , -612.6 , 178.33
4554 , -887.82 , -1522.9
4555 , -215.74 , 240.11
4556 , -500.29 , 258.26
4557 , -204.44 , 230.16
4558 , -319.23 , 248.56
4559 , -143.77 , 175.72
4560 , -126.48 , 244.43
4561 , -185.74 , 156.66
4562 , -226.5 , 228.72
4563 , -495.79 , 383.67
4564 , -332.16 , 628.95
4565 , -532.07 , 193.17
4566 , -492.85 , 200.19
4567 , -203.63 , 191.35
4568 , -273.99 , 221.79
4569 , -355.8 , 262.45
4570 , -258.3 , 172.91
4571 , -1069.1 , -88.819
4572 , -221.47 , 224.5
4573 , 272.93 , -324.17
4574 , -284.24 , 262.3
4575 , -202.32 , 193.51
4576 , -124.26 , 294.78
4577 , -965.89 , 66.234
4578 , 268.29 , -460.09
4579 , 24.427 , 237.38
4580 , -151.11 , 211.9
4581 , -289.97 , 184.18
4582 , -194.64 , 164.13
4583 , -152.06 , 223.31
4584 , -1111.1 , -811.7
4585 , -446.68 , 354.2
4586 , -975.61 , 136.3
4587 , -574.24 , 194.03
4588 , -200.33 , 202.72
4589 , -386.63 , 271.91
4590 , 186.49 , -167.36
4591 , -189.85 , 170.22
4592 , -222.12 , 179.21
4593 , -862.16 , 79.631
4594 , -1100.3 , -1182.6
4595 , -172.1 , 279.62
4596 , -175.24 , 175.6
4597 , 200.98 , -1552.0
4598 , 363.7 , -674.99
4599 , -108.87 , 126.56
4600 , -419.21 , 250.35
4601 , -583.13 , 492.8
4602 , -194.53 , 244.62
4603 , -93.605 , 506.2
4604 , -317.94 , 377.69
4605 , -1111.9 , -774.83
4606 , -395.59 , 219.56
4607 , -919.81 , 95.61
4608 , -271.07 , 192.44
4609 , -210.76 , 210.16
4610 , -220.76 , 205.92
4611 , -128.0 , 490.7
4612 , -424.09 , 212.91
4613 , -267.2 , 192.63
4614 , -1088.6 , 9.8467
4615 , -1103.7 , -932.23
4616 , -946.52 , 136.41
4617 , -1098.7 , -662.33
4618 , -136.51 , 224.92
4619 , -1050.0 , 73.028
4620 , -538.3 , 198.7
4621 , 379.16 , -784.5
4622 , -196.22 , 207.61
4623 , -238.09 , 225.62
4624 , -177.61 , 215.96
4625 , -163.78 , 257.18
4626 , -260.87 , 224.87
4627 , 322.3 , -594.28
4628 , 342.28 , -616.3
4629 , -174.57 , 239.64
4630 , -577.18 , 481.13
4631 , -132.33 , 239.35
4632 , -98.079 , 503.69
4633 , -149.15 , 225.38
4634 , -356.03 , 202.65
4635 , -329.75 , 267.36
4636 , -77.635 , 533.55
4637 , -144.83 , 265.95
4638 , -580.69 , 183.01
4639 , 135.26 , -74.893
4640 , -81.259 , 486.28
4641 , -844.24 , 75.795
4642 , -167.33 , 240.09
4643 , -114.94 , 142.99
4644 , 217.22 , 110.54
4645 , -275.66 , 192.91
4646 , -1085.7 , -1212.7
4647 , -312.28 , 479.08
4648 , 203.28 , -1559.5
4649 , -777.01 , 149.37
4650 , -912.15 , 152.23
4651 , -152.88 , 173.12
4652 , 294.94 , 112.04
4653 , 298.16 , 109.58
4654 , -794.68 , 151.9
4655 , -36.021 , 239.04
4656 , -234.57 , 194.22
4657 , -315.49 , 225.77
4658 , 262.2 , -433.49
4659 , -582.25 , 496.15
4660 , -255.23 , 161.91
4661 , -142.05 , 190.58
4662 , -96.60799999999999 , 528.14
4663 , -788.23 , 144.42
4664 , -107.29 , 110.17
4665 , -156.16 , 239.47
4666 , -324.86 , 378.68
4667 , -183.09 , 232.09
4668 , -83.26 , 10.845
4669 , -1006.0 , 132.33
4670 , -228.7 , 169.51
4671 , -73.794 , 161.03
4672 , -538.01 , 200.61
4673 , -912.15 , -1500.7
4674 , -460.58 , 312.36
4675 , 299.09 , -522.7
4676 , 31.031 , 174.1
4677 , -935.28 , -1475.1
4678 , 375.63 , -662.34
4679 , -515.91 , 223.24
4680 , -1090.2 , -1251.1
4681 , -1097.5 , -719.85
4682 , -179.77 , 206.51
4683 , -1074.6 , -118.8
4684 , -234.74 , 237.64
4685 , -184.34 , 215.37
4686 , -729.14 , 172.56
4687 , -573.32 , 183.76
4688 , -1061.9 , -1287.2
4689 , -202.61 , 278.87
4690 , -121.42 , 181.95
4691 , 359.75 , -1055.0
4692 , -13.407 , 50.661
4693 , -189.3 , 203.64
4694 , -237.48 , 175.38
4695 , -988.02 , 45.449
4696 , 145.15 , -117.82
4697 , -193.89 , 223.81
4698 , -287.0 , 128.95
4699 , -687.59 , 166.32
4700 , -192.68 , 253.08
4701 , -1093.4 , -703.01
4702 , -111.97 , 537.42
4703 , -927.19 , 72.045
4704 , -131.88 , 192.62
4705 , -1113.5 , -848.21
4706 , -1115.6 , -938.23
4707 , -549.98 , 193.84
4708 , -1047.4 , -26.96
4709 , -233.97 , 230.79
4710 , -159.19 , 191.35
4711 , -148.93 , 233.51
4712 , -855.78 , 105.88
4713 , -180.92 , 235.59
4714 , -640.89 , 550.67
4715 , -925.21 , 70.905
4716 , 276.81 , 107.92
4717 , -765.5 , 128.09
4718 , -371.59 , 216.51
4719 , 270.5 , 113.22
4720 , -1096.1 , -1181.2
4721 , 309.38 , 101.52
4722 , 386.35 , -701.5
4723 , -126.75 , 250.77
4724 , -184.65 , 219.39
4725 , 313.95 , -1301.3
4726 , 312.57 , -442.41
4727 , -434.23 , 177.91
4728 , -172.31 , 183.55
4729 , 194.89 , 58.02
4730 , -690.24 , 141.02
4731 , -197.64 , 228.16
4732 , -1052.1 , -57.173
4733 , 72.859 , 303.43
4734 , 374.31 , -721.12
4735 , -202.21 , 238.68
4736 , -1124.7 , -937.71
4737 , 278.9 , -1486.5
4738 , -73.06 , 28.299
4739 , 342.55 , -662.99
4740 , -1086.9 , 23.247
4741 , -485.1 , 218.32
4742 , -88.50399999999999 , 529.6
4743 , 270.63 , 134.73
4744 , -594.12 , 193.27
4745 , 333.61 , -593.89
4746 , -776.91 , 154.87
4747 , -87.04899999999999 , 511.55
4748 , 343.55 , -624.29
4749 , 134.65 , -58.766000000000005
4750 , -388.62 , 222.4
4751 , -926.86 , 112.49
4752 , -204.15 , 249.82
4753 , -39.084 , 255.59
4754 , -930.09 , 69.516
4755 , -112.9 , 81.077
4756 , -1066.9 , 16.018
4757 , 305.56 , -514.12
4758 , -633.87 , 78.37
4759 , -419.25 , 287.93
4760 , 387.8 , -931.09
4761 , -1071.6 , -166.9
4762 , -325.03 , 190.44
